Filename,Label,Contrast0,Contrast45,Contrast90,Contrast135,Homogeneity0,Homogeneity45,Homogeneity90,Homogeneity135,Dissimilarity0,Dissimilarity45,Dissimilarity90,Dissimilarity135,Entropy0,Entropy45,Entropy90,Entropy135,ASM0,ASM45,ASM90,ASM135,Energy0,Energy45,Energy90,Energy135,Correlation0,Correlation45,Correlation90,Correlation135
100.jpg,benign,245.03906250000003,370.00000000000006,197.22656250000003,310.0,0.9962316755989913,0.9943099683203642,0.9969669584089442,0.9952326761603051,0.9609375000000001,1.4509803921568631,0.7734375000000001,1.2156862745098038,0.38143440882513335,0.3917878222517341,0.37758825692396764,0.3873614020606441,0.7915692558713898,0.7889685051486276,0.7922995489077219,0.7898815777979102,0.8897017791773768,0.8882389910089669,0.8901120990682702,0.8887528215414623,0.9815885985808129,0.9722938345411303,0.9851810671504103,0.9767867262371632
101.jpg,benign,346.640625,566.0,318.75,456.0,0.9946691996278412,0.991295789376557,0.9950981146003137,0.9929874204164488,1.359375,2.2196078431372546,1.25,1.788235294117647,0.5048006798495013,0.5217257513994602,0.5026536249170969,0.5139862927353486,0.698154646518917,0.6939237200491161,0.6985791790004146,0.6955887892761796,0.8355564891250125,0.8330208401049256,0.835810492277056,0.8340196576077686,0.9820232332560677,0.9707365548590183,0.9834696397756943,0.9764237968475483
102.jpg,benign,219.140625,348.0,249.0234375,352.0,0.9966299537877157,0.9946482945283426,0.9961704020314951,0.9945867806723465,0.859375,1.3647058823529412,0.9765625,1.380392156862745,0.41099401002543823,0.42197061653059664,0.41339696165854123,0.4222673412270811,0.7678041352972717,0.7650790797198783,0.7673478851846346,0.7650182271302806,0.8762443353866954,0.874687989925481,0.8759839525839698,0.8746532039215774,0.9852729400850523,0.9766905938264749,0.9832647046421049,0.9764226696175837
103.jpg,benign,280.8984375,354.00000000000006,155.390625,336.0,0.9956802134915265,0.9945560237443485,0.9976103308676529,0.9948328360963307,1.1015625,1.3882352941176475,0.609375,1.3176470588235294,0.39488779960791925,0.40132935244636836,0.3847038258799653,0.4000003788766813,0.7829780214303093,0.7811458770848051,0.7848952180539036,0.7814197563087925,0.8848604530830323,0.8838245737049888,0.8859431234870011,0.8839794999369569,0.9796923798232658,0.9744936862337168,0.9887659973490407,0.975790617442172
104.jpg,benign,653.4375,982.0,585.703125,1000.0,0.9899511349306431,0.9848983483529665,0.9909927855780765,0.9846215360009842,2.5625,3.850980392156863,2.296875,3.9215686274509807,0.7485785797154327,0.7708009130853613,0.7437414729433833,0.7719546302866533,0.4908390257240304,0.48577092068661376,0.49186084200262525,0.48550254160962847,0.7005990477612929,0.6969726828840667,0.7013279133205987,0.6967801242928995,0.9798702740780153,0.9697572349179634,0.9819568920089528,0.9692028868818364
106.jpg,benign,733.125,1086.0,597.65625,992.0,0.9887256635807216,0.9832989880970688,0.9908089648755882,0.9847445637129765,2.875,4.258823529411765,2.34375,3.8901960784313725,0.6280994263817181,0.6515498194617759,0.6188636451400559,0.6457966859936082,0.6087885387381056,0.602535617906992,0.6108292352250336,0.6039350188708363,0.780249023541911,0.7762316779847316,0.7815556507536963,0.7771325619679286,0.9703352386830155,0.9561694859398261,0.9758167706655019,0.959963287340983
107.jpg,benign,778.9453125,1282.0,697.265625,1140.0,0.9880210175545168,0.9802848091532617,0.9892771256881863,0.9824685510411221,3.0546875,5.027450980392157,2.734375,4.470588235294118,0.6135147976316707,0.6453726556086087,0.6081072904464415,0.6370721021093839,0.623861849446427,0.6153938169168958,0.6250894600334006,0.6174962528386074,0.7898492574196845,0.7844704053798943,0.7906259925106185,0.78580929800977,0.9671175268293983,0.9460262621048086,0.9705655611004844,0.9520046324488939
108.jpg,benign,1719.2578125,2872.0,1565.859375,2354.0,0.9735604556254421,0.9558330513948268,0.9759194879740412,0.9637990957463168,6.7421875,11.262745098039217,6.140625,9.231372549019607,0.8098902320703774,0.8689914651584759,0.8012849534374332,0.8437422149318965,0.47950408337162986,0.46267379833947286,0.48174396988613155,0.46999973162659914,0.6924623335399767,0.6802012925152913,0.6940777837433868,0.6855652643086573,0.946559511229827,0.9107921764104638,0.9513276660795411,0.9268818883252895
12.jpg,benign,456.2109375,608.0,251.015625,596.0,0.992984176521699,0.9906498938885984,0.996139765247747,0.9908344354565867,1.7890625,2.384313725490196,0.984375,2.3372549019607844,0.23051899667049114,0.24025643085935375,0.21677309591935406,0.23955711373159688,0.9003251280119124,0.8976841482758604,0.9034464438444648,0.8978652756658672,0.9488546400855679,0.9474619508327817,0.950497997811918,0.9475575315862711,0.9243223997029134,0.8995169742993093,0.9583607963430877,0.901500191911823
13.jpg,benign,1284.9609375,2250.0,1227.1875,1682.0,0.9802392744825146,0.9653984560022144,0.9811277412112078,0.9741334235536554,5.0390625,8.823529411764707,4.8125,6.59607843137255,0.7556015940633966,0.8091349133562592,0.7521443538521506,0.7791264130547557,0.5141956833572123,0.49941285185761664,0.5150498385724541,0.5076197504257449,0.7170743917873601,0.7066914827968543,0.717669728059122,0.7124743858032687,0.9576337949233887,0.9259345430711801,0.9595386320508642,0.9446319561980999
14.jpg,benign,398.4375,750.0,535.8984375,664.0,0.9938726432503922,0.9884661520007382,0.9917587051717773,0.9897886999046535,1.5625,2.9411764705882355,2.1015625,2.603921568627451,0.5178542350673024,0.5431832367671489,0.5277458821181051,0.5375528058503354,0.6896632534849878,0.6834348195715102,0.6875796582707071,0.6847286279299019,0.8304596639723014,0.826701167031661,0.8292042319421116,0.8274833097591164,0.979860264262981,0.9622038699219563,0.9729120554337094,0.9665378261709053
17.jpg,benign,292.8515625,414.0,235.078125,372.0,0.9954963927890382,0.9936333159044075,0.9963848595177314,0.9942792113923661,1.1484375,1.6235294117647059,0.921875,1.4588235294117646,0.5083775894013828,0.5187043633438649,0.5037115809332193,0.5155714773874475,0.692440874040333,0.689682519233353,0.6933221409734237,0.6903206171701328,0.8321303227501886,0.8304712633398901,0.8326596789645958,0.830855352736042,0.9851400954075447,0.9790560342512105,0.9880716412114985,0.9811807843996384
19.jpg,benign,270.9375,442.0,264.9609375,342.0,0.9958333974102667,0.9932027189124351,0.9959253077615107,0.9947405653123367,1.0625,1.7333333333333332,1.0390625,1.3411764705882352,0.4915480389861856,0.5056050132376708,0.49106890806378334,0.4981718299545263,0.7054510476927444,0.701955004618488,0.7055422019738502,0.7034743327212303,0.8399113332327076,0.837827550644217,0.8399655957084493,0.8387337674859826,0.9856519568350947,0.9766648473490382,0.9859684577872616,0.9819442936501608
20.jpg,benign,693.28125,1080.0,589.6875,892.0,0.9893383992556825,0.9833912588810629,0.9909315120105804,0.986282410112878,2.71875,4.235294117647059,2.3125,3.4980392156862745,0.44669540241192873,0.4708089745891073,0.43998694152901685,0.4599057548659271,0.7589702503243946,0.7524204355790759,0.7605319543564975,0.7552239505670267,0.8711889865720265,0.8674217172627602,0.8720848320871643,0.8690362193643179,0.9537413745227454,0.9281762024148703,0.9606535829273927,0.9406788634759854
21.jpg,benign,370.546875,618.0,494.0625,710.0,0.9943015582228647,0.9904961092486082,0.9924020776304863,0.9890812905606989,1.453125,2.423529411764706,1.9375,2.784313725490196,0.6650992619748118,0.6843642507659404,0.6744896972359505,0.6907434371511525,0.5558093346196475,0.5511720107650903,0.5539350817781923,0.5497860654842333,0.7455262132344157,0.7424095977053976,0.744268151796241,0.74147560005993,0.9870052232140816,0.9783711241028236,0.9826736309521087,0.9751512914449915
22.jpg,benign,695.2734375,1066.0,533.90625,822.0,0.9893077624719343,0.9836065573770493,0.9917893419555256,0.987358902592809,2.7265625,4.180392156862745,2.09375,3.223529411764706,0.49809123024261587,0.5218366934858683,0.4873200064458576,0.5071905131469838,0.7184976608117971,0.7120938813791342,0.7209323679782115,0.715737333332742,0.8476424132921837,0.843856552607808,0.8490773627757434,0.8460126082587316,0.960533612693817,0.9396805367214428,0.9696934332433895,0.9534872431379231
23.jpg,benign,384.4921875,570.0,284.8828125,458.0,0.9940871007366285,0.991234275520561,0.9956189399240303,0.9929566634884508,1.5078125,2.235294117647059,1.1171875,1.7960784313725489,0.48653135235904177,0.5007656186119303,0.47891483352000974,0.49294949515408554,0.7151203948376226,0.7114364170406763,0.7166364884074035,0.7131316013227101,0.8456479142276782,0.8434669033463472,0.8465438490754058,0.8444711962658704,0.978806606652272,0.9686793284793268,0.9842971230636005,0.9748335656904064
24.jpg,benign,256.9921875,522.0,364.5703125,382.0,0.9960478548965029,0.9919724417925138,0.9943934685741087,0.994125426752376,1.0078125,2.047058823529412,1.4296875,1.4980392156862745,0.5320867880597535,0.5532142997931612,0.5405689494556182,0.5429885410999908,0.6702291195468688,0.6652552699616758,0.6685905220122669,0.6673783560311068,0.8186752222626924,0.8156318225533356,0.8176738481890361,0.816932283626438,0.9878705036607888,0.9754340993716232,0.9827930400769326,0.9820226550957089
25.jpg,benign,521.953125,648.0,406.40625,794.0,0.9919731626580137,0.9900347553286377,0.9937500961154,0.9877894995847815,2.046875,2.541176470588235,1.59375,3.113725490196078,0.735630082871886,0.7450641876253614,0.7268636160133497,0.7551420989414354,0.49623886020400815,0.4940151193142672,0.4979904513888889,0.4918196207917548,0.7044422334045626,0.7028620912485374,0.705684385110574,0.7012985247323388,0.9838100377765785,0.9799132826931302,0.9873940752153512,0.9753875716949774
26.jpg,benign,432.3046875,614.0,296.8359375,504.0,0.9933518179266755,0.9905576231046044,0.9954351192215422,0.992249254144496,1.6953125,2.407843137254902,1.1640625,1.976470588235294,0.49764312004739797,0.511382854374221,0.4874365800148711,0.5038316791305476,0.7081251980533328,0.7044910614777005,0.7101851704798036,0.7061536332179931,0.841501751663853,0.8393396579917456,0.842724848618933,0.8403294789652408,0.9766948238632859,0.9670021385402139,0.9839978283669566,0.9729138075313808
27.jpg,benign,784.921875,1510.0,850.6640625,850.0,0.9879291072032725,0.9767785193614862,0.9869180933395872,0.9869283056008367,3.078125,5.921568627450981,3.3359375,3.3333333333333335,0.6044577107454573,0.648611010151593,0.6086923019019085,0.6097550437906128,0.6321328072436082,0.6204021491748729,0.6311472084429667,0.630183712206038,0.7950678004067377,0.7876561109868144,0.7944477380186608,0.7938411126957573,0.966086934507987,0.9349373929513694,0.9632465000886054,0.9633753536481221
28.jpg,benign,876.5625,1486.0,786.9140625,1194.0,0.9865198151508627,0.9771476024974626,0.9878984704195244,0.9816381139851751,3.4375,5.827450980392157,3.0859375,4.682352941176471,0.7641568309543236,0.8015238074045867,0.7581648525974176,0.7841780999541024,0.48712846508854774,0.4782227503366123,0.48847187210898446,0.4825282519765488,0.697945889799881,0.6915365141021929,0.6989076277370168,0.6946425353925203,0.973016164136126,0.9542438728550959,0.975775874622204,0.9632349826305414
29.jpg,benign,262.96875,368.0,187.265625,338.0,0.9959559445452589,0.9943407252483621,0.9971201423276843,0.9948020791683327,1.03125,1.4431372549019608,0.734375,1.3254901960784315,0.348678191904915,0.3573127036793715,0.34268385775734495,0.35514858712238667,0.8164380929397648,0.8142127480912983,0.8175942475737997,0.8146690999424853,0.903569639230848,0.9023373804133896,0.9042091835265774,0.902590217065577,0.9774743814731703,0.9685870096354909,0.9839590292308941,0.9711478512412933
3.jpg,benign,852.65625,1262.0,751.0546875,1260.0,0.9868874565558392,0.9805923784332422,0.9884499325269893,0.98062313536124,3.34375,4.949019607843137,2.9453125,4.941176470588235,0.7630041195934856,0.7888713995845289,0.7561543416961307,0.7887507296210007,0.4870614986573673,0.4809703112147001,0.488585462735186,0.48099987568735947,0.6978979142090678,0.6935202312944447,0.6989888859883152,0.693541545754369,0.9737743891833472,0.9611840385310436,0.9768994035563596,0.9612455535254477
30.jpg,benign,621.5625,810.0,374.53125,792.0,0.9904413234706118,0.9875434441607973,0.9942402846553686,0.9878202565127796,2.4375,3.176470588235294,1.46875,3.1058823529411765,0.382141227569528,0.39459251099279247,0.36555361893426996,0.39352138596071873,0.8047500853225021,0.8012719622077747,0.8084909091642937,0.801541958975055,0.897078639430514,0.8951379570813511,0.8991612253452067,0.8952887573152335,0.9485482999128655,0.9331814414015311,0.9689970525115984,0.9346662982592753
32.jpg,benign,527.9296875,944.0,627.5390625,868.0,0.9918812523067696,0.985482729984929,0.9903494131193676,0.9866514932488544,2.0703125,3.701960784313725,2.4609375,3.4039215686274513,0.41336913281584337,0.44019879010489105,0.4199218009783392,0.43573853760977854,0.7786227779542423,0.7716484783822386,0.7771181358093943,0.772784690122289,0.8823960437095365,0.8784352442737248,0.8815430425165831,0.8790817311958479,0.9619411672336796,0.9321754407288118,0.9547602553909778,0.9376358925345429
33.jpg,benign,1300.8984375,1934.0,870.5859375,1752.0,0.9799941802125304,0.9702580506259034,0.9866117255021069,0.9730569310737243,5.1015625,7.584313725490196,3.4140625,6.870588235294117,0.5733972811675518,0.607695702575407,0.5481151024171907,0.5985531446601887,0.677491467280463,0.6673243261212785,0.6838881206109129,0.669964590142998,0.8230986983834095,0.8168992141759462,0.8269752841596373,0.8185136468886747,0.9339519564312573,0.9021044878105455,0.9557993950389884,0.9113169920600187
34.jpg,benign,402.421875,540.0,247.03125,472.0,0.9938113696828961,0.9916956294405315,0.9962010388152431,0.9927413649924646,1.578125,2.1176470588235294,0.96875,1.8509803921568626,0.5194187303009995,0.5303935760026125,0.507340196792605,0.5255843711293264,0.6885306925408798,0.6855265664390461,0.6908965306500203,0.6865560427842424,0.8297774958028687,0.8279653171715866,0.8312018591473556,0.8285867744444407,0.9797302890547236,0.972882199524067,0.9875572071425036,0.9762970336580732
35.jpg,benign,1298.90625,2092.0,1149.4921875,1970.0,0.9800248169962784,0.967828253314059,0.9823225757773814,0.969704425921939,5.09375,8.20392156862745,4.5078125,7.725490196078431,0.7849024756203813,0.8285873890423865,0.7758313046826149,0.8221564393863992,0.48647555224027417,0.4754032197417343,0.48868682708798894,0.4771622181218267,0.6974779940903327,0.6894949018968409,0.6990613900709929,0.6907692944260237,0.9595595263165752,0.9348026829925081,0.9642114212954968,0.9386048209824289
36.jpg,benign,268.9453125,316.0,165.35156250000003,350.0,0.9958640341940147,0.9951404053763111,0.9974571469489129,0.9946175376003445,1.0546875,1.2392156862745098,0.6484375000000001,1.3725490196078431,0.3636428251868529,0.3680910485513774,0.35532793318068934,0.37059009035167856,0.8057903374565972,0.8044168216731477,0.8073728342727258,0.8038993012624458,0.8976582520406066,0.8968928707895651,0.8985392780912395,0.8966043169996706,0.9782418153847319,0.9745229745984884,0.9866227457550572,0.9717817756628828
38.jpg,benign,256.9921875,386.00000000000006,258.98437500000006,400.0,0.996047854896503,0.99406391289638,0.9960172181127549,0.9938486144003936,1.0078125,1.5137254901960788,1.0156250000000002,1.5686274509803921,0.4548614883264922,0.46578375846107933,0.45502071864826193,0.4668116172444707,0.7348835211742479,0.7320827437943086,0.7348531270274655,0.7318700444820486,0.8572534754518338,0.8556183400291911,0.8572357476374078,0.8554940353281539,0.984867878461653,0.9773442414466992,0.9847505751939142,0.9765225299965794
39.jpg,benign,494.0625,694.0,354.609375,622.0,0.9924020776304863,0.9893273459846831,0.994546652492849,0.9904345953926121,1.9375,2.72156862745098,1.390625,2.43921568627451,0.6366381220797322,0.6517715406753997,0.6260852380424347,0.646816906722437,0.5893864481396878,0.5854038472471106,0.5915030656966371,0.5864887044154342,0.7677150826574191,0.7651168846961297,0.7690923648669497,0.765825505200391,0.9811497305996655,0.9735845684661019,0.9864703711562114,0.9763250743312901
4.jpg,benign,360.5859375,372.0,304.8046875,584.0,0.9944547421416049,0.9942792113923661,0.99531257208655,0.9910189770245748,1.4140625,1.4588235294117646,1.1953125,2.2901960784313724,0.5725316441465274,0.5745045674855587,0.5681594815604729,0.5899572147079035,0.6403913092695718,0.6392453231175245,0.6412403742325667,0.6360329714372123,0.8002445309213752,0.7995281878192441,0.8007748586416576,0.7975167530762048,0.9843393517092178,0.9838878741782167,0.9867619934337587,0.9747056949464475
40.jpg,benign,599.6484375,838.0,500.0390625,854.0,0.9907783280918402,0.9871128471688249,0.9923101672792423,0.9868667917448406,2.3515625,3.2862745098039214,1.9609375,3.3490196078431373,0.6354428140057546,0.65255403954276,0.6283263058878059,0.6535896593217406,0.5958417895535972,0.5912860075554297,0.5973477457963885,0.5910463509953364,0.771907889293533,0.768951238737171,0.7728827503550513,0.7687953895513009,0.9766549031898369,0.967455586435426,0.9805328262480035,0.9668342133840736
41.jpg,benign,374.53125,546.0,298.828125,496.0,0.9942402846553686,0.9916033586565375,0.9954044824377941,0.9923722818564882,1.46875,2.1411764705882352,1.171875,1.9450980392156862,0.5796496908624857,0.5933557057600077,0.5737200045050035,0.5897783621074633,0.6348013234092656,0.6312265567275829,0.6359534831855537,0.631983169871819,0.7967442019928765,0.7944976757219513,0.7974669166715028,0.7949736913079697,0.9839770464673172,0.9767045742830264,0.9872157285643489,0.9788378550263389
42.jpg,benign,1312.8515625,2088.0,972.1875,1810.0,0.979810359510042,0.9678897671700551,0.9850492495309568,0.9721649801617813,5.1484375,8.188235294117648,3.8125,7.098039215686275,0.707376384326245,0.7505275372606333,0.6867538198926411,0.7360542878124884,0.560647179626676,0.5484106139048937,0.5657020479090074,0.5524296060383128,0.7487637675707045,0.7405475095528264,0.7521316692634391,0.7432560837546591,0.9518794795837179,0.9236385695786363,0.9643659879163191,0.9338054650083006
43.jpg,benign,515.9765625,660.0,266.953125,632.0,0.9920650730092578,0.9898502137606495,0.9958946709777627,0.990280810752622,2.0234375,2.588235294117647,1.046875,2.4784313725490197,0.25284553289572387,0.2620662036426078,0.2363216325657455,0.2604392427420016,0.8882160909228121,0.8856575565456222,0.8919996370273753,0.886079604375391,0.9424521690371411,0.9410938085789441,0.9444573240900699,0.9413180144751246,0.9236367081899864,0.9026809388258364,0.9604915787546648,0.9068096262695888
46.jpg,benign,1396.5234375,1968.0,882.5390625,1896.0,0.9785236145926244,0.969735182849937,0.9864279047996186,0.9708424322578662,5.4765625,7.7176470588235295,3.4609375,7.435294117647058,0.6882956506401514,0.7202427712749386,0.6573417580958786,0.7165168596986393,0.581243468463902,0.5719405010435019,0.5888708383456784,0.5729819700552873,0.7623932505366912,0.7562674798267488,0.7673792011422244,0.7569557252939483,0.9460032730658966,0.924092028991097,0.9658765334781629,0.9268691498816666
47.jpg,benign,460.1953125,734.0,436.28906250000006,682.0,0.9929229029542028,0.9887122074247225,0.9932905443591795,0.9895118875526712,1.8046875,2.8784313725490196,1.7109375000000002,2.674509803921569,0.5386182370227048,0.558493560037368,0.536875520795169,0.5550722321536223,0.6749266836598303,0.6698558770981086,0.6752892620551592,0.6706381552299776,0.8215392161423765,0.8184472353781327,0.8217598566826924,0.8189249997588165,0.9777478682580918,0.9646127040558148,0.9789038231537756,0.9671197059483185
48.jpg,benign,1059.84375,1514.0,868.59375,1506.0,0.9837012310460431,0.9767170055054901,0.9866423622858549,0.9768400332174823,4.15625,5.937254901960784,3.40625,5.905882352941176,0.7763548543943692,0.803597293490464,0.7640082154268184,0.8031372785113801,0.484020891904556,0.47736214099181984,0.4868748423082468,0.4774794566488121,0.6957161000757105,0.6909139895759963,0.6977641738497662,0.6909988832471526,0.9673984232868406,0.953423664852744,0.9732814145734257,0.9536697749459925
49.jpg,benign,187.265625,338.00000000000006,199.21875,240.00000000000003,0.9971201423276843,0.9948020791683327,0.9969363216251961,0.9963091686402363,0.734375,1.3254901960784318,0.78125,0.9411764705882354,0.34142750514452747,0.35388380458524016,0.3424009811273087,0.34650574827643366,0.8185024126838235,0.8155799390439399,0.8183196817329873,0.8170736551360412,0.9047112316556171,0.9030946456733867,0.9046102374685947,0.9039212660049775,0.9838774741847052,0.9710012414771678,0.9828483767922396,0.9794091655459182
50.jpg,benign,223.125,262.0,171.328125,296.0,0.9965686802202196,0.9959708424322578,0.9973652365976686,0.9954479746562914,0.875,1.0274509803921568,0.671875,1.16078431372549,0.3661545984400824,0.3701150505205731,0.36191577843269207,0.37271410691773404,0.8019955835045415,0.8007330499714642,0.8027873200061273,0.8002146611164991,0.8955420612704584,0.8948368845613508,0.8959839953961942,0.8945471821634111,0.9823656717947852,0.9793642114835982,0.9864593551281386,0.9766862847295613
51.jpg,benign,111.5625,150.0,81.67968750000001,146.0,0.9982843401101098,0.9976932304001477,0.9987438918663305,0.9977547442561436,0.4375,0.5882352941176471,0.32031250000000006,0.5725490196078431,0.11257125394437018,0.1158124878586032,0.11015883428782414,0.11551653838741205,0.9570776883440265,0.9563308293722536,0.9575358814443365,0.9563920641530089,0.9783034745640161,0.9779216887728043,0.9785376239288587,0.9779529969037413,0.958366798834041,0.9442365467420971,0.9695185491463512,0.9457235721623078
52.jpg,benign,227.109375,332.0,181.2890625,324.0,0.9965074066527235,0.9948943499523267,0.9972120526789284,0.9950173776643189,0.890625,1.3019607843137255,0.7109375,1.2705882352941176,0.1986740133299497,0.20651878584116307,0.19525743025338793,0.20598206199951083,0.9134909241825561,0.9115809394576746,0.914191155351157,0.9117027278864293,0.9557671914135555,0.9547674792627128,0.956133440138539,0.9548312562366343,0.957934423696625,0.938735717572427,0.9664213382139725,0.9402119653417662
53.jpg,benign,251.015625,358.0,181.2890625,294.0,0.996139765247747,0.9944945098883524,0.9972120526789284,0.9954787315842892,0.984375,1.4039215686274509,0.7109375,1.1529411764705881,0.34860570825536497,0.3574487734981999,0.34303916527269257,0.3527495008477057,0.8160075658250432,0.8137501194125644,0.8170727407652707,0.8147244873877361,0.90333137099574,0.9020809938207125,0.9039207602247393,0.9026208990421926,0.9785714265616959,0.9695445363660053,0.984523808072336,0.9749890885240378
55.jpg,benign,691.2890625,1244.0,709.21875,1090.0,0.9893690360394304,0.9808691907852243,0.9890933049856981,0.9832374742410728,2.7109375,4.87843137254902,2.78125,4.2745098039215685,0.5663834446391772,0.5959607513025456,0.5675701917417513,0.587016379331419,0.6613407938428129,0.6567601732454068,0.6610709973327568,0.6590434849164127,0.813228623354351,0.810407411889481,0.8130627265671184,0.8118149326764154,0.9676019631046462,0.9410397725984591,0.9667616681995795,0.9483387075018652
56.jpg,benign,205.1953125,296.0,163.359375,252.0,0.996844411273952,0.9954479746562913,0.9974877837326608,0.996124627072248,0.8046875,1.16078431372549,0.640625,0.988235294117647,0.30434828951731197,0.3120536291590797,0.3009630499096479,0.308764338729008,0.8454054264360463,0.8434794541063895,0.8460451621671954,0.8441504143335876,0.9194593120068154,0.9184113752052451,0.9198071331356348,0.9187765856472332,0.9791636824532116,0.9700498707604166,0.9834118637006151,0.974501916998733
58.jpg,benign,270.9375,408.0,300.8203125,464.0,0.9958333974102667,0.9937255866884015,0.995373845654046,0.9928643927044568,1.0625,1.5999999999999999,1.1796875,1.8196078431372549,0.40073734573404807,0.41188871258426746,0.4030358908808526,0.41582969604670006,0.7780896136889958,0.7752715502761856,0.7776340957166413,0.7744218920324764,0.8820938803148992,0.8804950597681883,0.8818356398539591,0.8800124385669081,0.98086587992578,0.971282828653436,0.9787554990352411,0.9673412561156722
59.jpg,benign,292.85156250000006,448.0,241.0546875,370.0,0.9954963927890383,0.993110448128441,0.9962929491664874,0.9943099683203642,1.1484375000000002,1.7568627450980392,0.9453125,1.450980392156863,0.40689457328994094,0.4192081463071182,0.40284811323417014,0.41363046127333547,0.7743362181537752,0.7712362937331795,0.775126246328035,0.7724207424435726,0.8799637595684127,0.8782005999389771,0.8804125432591445,0.8788747023572658,0.9796379936684637,0.9689545297209542,0.9832394369651981,0.9743597678498952
6.jpg,benign,508.0078125,830.0,440.2734375,686.0,0.9921876201442499,0.987235874880817,0.9932292707916832,0.9894503736966752,1.9921875,3.2549019607843137,1.7265625,2.6901960784313728,0.533076725433163,0.5556249222332589,0.528210398601528,0.5463293878037714,0.6818399225020124,0.676063303839753,0.6828663981964568,0.6782262068488432,0.8257359883776487,0.8222306877268405,0.8263573066152782,0.8235449027520255,0.9748315617495372,0.9590013682793632,0.9781873535162656,0.9661143839031846
60.jpg,benign,163.359375,238.0,161.3671875,252.0,0.9974877837326608,0.9963399255682343,0.9975184205164088,0.996124627072248,0.640625,0.9333333333333333,0.6328125,0.988235294117647,0.23389348490245898,0.24026852418565342,0.2337338224603464,0.24130109309184772,0.890208157338073,0.888672110584741,0.8902386415944289,0.8884584311981272,0.9435084299242233,0.942694070515319,0.9435245845204188,0.9425807292736931,0.9765835499254498,0.9660095519002523,0.9768691163897736,0.9640101137767377
62.jpg,benign,264.9609375,414.0,207.1875,326.0,0.9959253077615108,0.9936333159044075,0.9968137744902039,0.9949866207363208,1.0390625,1.6235294117647059,0.8125,1.2784313725490195,0.33792028639197397,0.3495733157895252,0.33341051427133445,0.34331823815604506,0.824230127272263,0.8213594952167718,0.8251121563821607,0.8226974196923342,0.9078712063240374,0.9062888585968448,0.9083568441874376,0.9070266918301436,0.9762697917912999,0.963051333909659,0.9814440477165052,0.9709051566534999
64.jpg,benign,312.7734375,418.0,290.859375,498.0,0.9951900249515577,0.9935718020484114,0.9955270295727863,0.9923415249284903,1.2265625,1.63921568627451,1.140625,1.9529411764705882,0.40330831137485057,0.411964151873237,0.4016416496329881,0.41753189648725775,0.7779355981248197,0.7756045754738108,0.7782694794369954,0.774391610478388,0.8820065748761852,0.8806841519374643,0.8821958282813377,0.8799952332134464,0.9778621842866021,0.9705135429944393,0.9794132414384962,0.9648702019407435
65.jpg,benign,641.484375,834.0,382.5,840.0,0.9901349556331314,0.9871743610248209,0.9941177375203765,0.9870820902408268,2.515625,3.2705882352941176,1.5,3.294117647058824,0.629424667467222,0.6433476267094085,0.6106391733567502,0.6437359963021707,0.6033504396033076,0.5994810279251127,0.607270562723021,0.5993911311725993,0.7767563579419917,0.7742616017374959,0.7792756654246435,0.7742035463446285,0.9745007416351892,0.966931587875382,0.9847954732731562,0.9666936856298814
66.jpg,benign,288.8671875,496.0,342.65625,484.0,0.9955576663565344,0.9923722818564882,0.9947304731953373,0.9925568234244764,1.1328125,1.9450980392156862,1.34375,1.8980392156862746,0.5092646101257918,0.5258442197913896,0.5134602688250478,0.5249900457766306,0.6914838808053093,0.6874197891237821,0.6906647087545956,0.687601552237694,0.8315550978770495,0.8291078271996847,0.831062397630043,0.8292174336310676,0.9853913264850104,0.9749915692579227,0.9826710907270468,0.9755966119371665
67.jpg,benign,282.890625,386.00000000000006,195.234375,364.0,0.9956495767077785,0.99406391289638,0.9969975951926922,0.9944022391043583,1.109375,1.5137254901960788,0.765625,1.427450980392157,0.3990023669233377,0.4076363497218619,0.39201602393595636,0.406038181116675,0.7799366008754145,0.7776403280257306,0.7812747280380443,0.7779747571136468,0.8831401932170309,0.8818391735604234,0.8838974646632065,0.8820287734046134,0.979833805325514,0.9725759347119308,0.9860824853654956,0.9741389643397481
68.jpg,benign,362.578125,632.0,420.3515625,558.0,0.9944241053578569,0.990280810752622,0.9935356386291638,0.9914188170885492,1.421875,2.4784313725490197,1.6484375,2.1882352941176473,0.6727215569102944,0.6935970262032312,0.6772084480147273,0.6883295838464037,0.5480571517152356,0.5431170525753781,0.5471793690189771,0.5442342498323406,0.7403088218542554,0.7369647566711574,0.7397157352787469,0.7377223392526083,0.9875089473996977,0.9782690592403642,0.9855186148425067,0.9808135048356379
69.jpg,benign,561.7968750000001,908.0,480.1171875,670.0,0.9913604269830529,0.9860363546888936,0.9926165351167227,0.9896964291206595,2.2031250000000004,3.5607843137254904,1.8828125,2.627450980392157,0.3647727063101303,0.3866117479653058,0.3593928449663015,0.37248303506467206,0.8153438623553741,0.8095244498426579,0.8165798625190732,0.8130957580122157,0.9029639319238472,0.8997357666796724,0.9036480855504941,0.9017182253965014,0.9509361515366357,0.9209771804097127,0.9580695479444299,0.9416902102142153
7.jpg,benign,149.4140625,194.0,117.5390625,204.0,0.9977022412188972,0.9970165779841909,0.9981924297588658,0.9968627933442007,0.5859375,0.7607843137254903,0.4609375,0.7999999999999999,0.21660643837318855,0.22070030462183654,0.2139780777540062,0.22146259634779233,0.9004221159492444,0.8993792507273619,0.90091029958054,0.8992264050099915,0.948905746609875,0.9483560780252119,0.9491629468013066,0.948275490039678,0.9763808872538035,0.969446138887244,0.9814196313063254,0.967871197592772
70.jpg,benign,1691.3671875,2806.0,1432.3828125,2026.0,0.9739893705979147,0.9568480300187617,0.9779721524851598,0.968843231937994,6.6328125,11.003921568627451,5.6171875,7.9450980392156865,0.6732426410521908,0.7288224287172838,0.6591188468007969,0.6916862450031304,0.604787429170121,0.5878532573976737,0.6085789396468606,0.5989572680545634,0.7776808015954367,0.7667158909254937,0.7801146964689619,0.7739232959761344,0.9296767547144545,0.8836405410990225,0.9404447428029361,0.9159856508434138
72.jpg,benign,464.17968750000006,782.0,474.140625,682.0,0.992861629386707,0.9879740411527697,0.9927084454679667,0.9895118875526713,1.8203125000000002,3.066666666666667,1.859375,2.674509803921569,0.6572170419373558,0.6805253727671965,0.6579586132723301,0.6737692008270065,0.5686092122395834,0.5628859332339128,0.5684582364655422,0.5643891790354788,0.7540618092965479,0.7502572447060494,0.7539616942958987,0.7512583969816768,0.9831759946801143,0.9717186660347017,0.9828149645230354,0.9753352049049444
73.jpg,benign,577.734375,874.0,464.1796875,742.0,0.9911153327130686,0.9865592224648603,0.9928616293867069,0.9885891797127303,2.265625,3.4274509803921567,1.8203125,2.9098039215686273,0.4571382009564984,0.4769391141656987,0.44935930530641927,0.46880481559938403,0.7467496843349013,0.7414965973073084,0.7484680260258975,0.7434761365405108,0.864146795593724,0.8611019668467309,0.8651404660665789,0.8622506228124807,0.9636530759130735,0.945193216794034,0.9707971265094691,0.9534706714658732
75.jpg,benign,223.125,378.0,284.8828125,402.00000000000006,0.9965686802202196,0.9941869406083721,0.9956189399240304,0.9938178574723957,0.875,1.4823529411764707,1.1171875,1.5764705882352945,0.4612474444774207,0.47436822238159315,0.4662143212330503,0.47613844630973157,0.7279846135087766,0.7247727324583558,0.7270422785669876,0.7244080710092724,0.8532201436374885,0.8513358517402846,0.852667742187417,0.8511216546471323,0.98722477157497,0.9784257047768121,0.9836887708501849,0.9770559082547049
76.jpg,benign,171.328125,278.0,217.1484375,304.0,0.9973652365976686,0.9957247870082735,0.9966605905714637,0.9953249469442992,0.671875,1.0901960784313725,0.8515625,1.192156862745098,0.32025845894880844,0.32946803743203446,0.3239583374572918,0.3314039234006305,0.8329242889040575,0.830714596299504,0.8322238418479372,0.8303183288715293,0.9126468588145458,0.9114354592067965,0.9122630332573699,0.9112180468315635,0.9839778754679651,0.9740936792575777,0.979692888674514,0.9716707859507322
77.jpg,benign,308.7890625,380.0,175.3125,384.0,0.995251298519054,0.9941561836803741,0.9973039630301725,0.9940946698243779,1.2109375,1.4901960784313726,0.6875,1.5058823529411764,0.31510217714086647,0.32097296836026457,0.3048316250325257,0.321251559882698,0.8418325086430098,0.840202450629331,0.8438699227010044,0.8401416585848669,0.9175143097756078,0.9166255782102805,0.918623928874599,0.9165924168270578,0.9690515167087493,0.9620495493689817,0.9824292481959352,0.9616500709412867
78.jpg,benign,557.8125,910.0,460.1953125,716.0,0.991421700550549,0.9860055977608957,0.9929229029542028,0.9889890197767046,2.1875,3.5686274509803924,1.8046875,2.8078431372549018,0.670096801254273,0.6949332967747683,0.6629404344707256,0.6821187926667602,0.5615207271729924,0.5553114475090983,0.5629984500214762,0.5582203115029397,0.7493468670602369,0.7451922218522536,0.750332226431383,0.7471414267077818,0.980048973252178,0.9675215844910012,0.9835404029330469,0.9744455543907218
79.jpg,benign,476.1328125,674.0,358.59375,580.0000000000001,0.9926778086842186,0.9896349152646633,0.9944853789253529,0.991080490880571,1.8671875,2.6431372549019607,1.40625,2.274509803921569,0.703949196102784,0.7189826800626797,0.6948894325315973,0.7123329353727367,0.5246357447218317,0.5209105482010068,0.5264201386072964,0.5223282678519088,0.7243174336724415,0.7217413305340126,0.7255481642229524,0.722722815366935,0.9843572457632715,0.9778913300190981,0.9882188461815434,0.9809747350312715
80.jpg,benign,195.23437500000003,284.0,145.4296875,250.0,0.9969975951926922,0.9956325162242795,0.9977635147863932,0.9961553840002461,0.7656250000000001,1.1137254901960785,0.5703125,0.9803921568627452,0.26363222936282404,0.2710193677033893,0.2596161873482189,0.2685165133109788,0.8723231867137942,0.8705143330996373,0.8730851053944098,0.8710329149422168,0.9339824338357731,0.9330135760532305,0.9343902318594783,0.9332914415884337,0.9759193963765848,0.9650978986262946,0.9820624075050071,0.9692763192132876
81.jpg,benign,484.1015625,778.0,410.390625,606.0,0.9925552615492266,0.9880355550087657,0.9936888225479039,0.9906806508165964,1.8984375,3.0509803921568626,1.609375,2.376470588235294,0.6787111100215342,0.7003001758599172,0.673142389192043,0.6884652960352531,0.5493674059218511,0.5440626422186126,0.5504853907038458,0.54665147929825,0.7411932311630018,0.7376060210021421,0.7419470268852392,0.7393588298642615,0.9832036825473682,0.9730596686654052,0.9857611465216373,0.9790156288062151
82.jpg,benign,125.5078125,216.0,153.3984375,200.0,0.9980698826238735,0.9966782517762126,0.997640967651401,0.9969243072001969,0.4921875,0.8470588235294118,0.6015625,0.7843137254901961,0.1800099189196087,0.1874721334085853,0.18223825519991624,0.1862937971492617,0.9213355904842789,0.9196628908438936,0.9209085086527719,0.9199073758784108,0.9598622768315666,0.9589905582662916,0.9596397806743798,0.9591180197861006,0.9748475675343369,0.9568745038790162,0.9692581380975228,0.9600689850731633
85.jpg,benign,207.1875,274.0,151.40625,284.0,0.9968137744902039,0.9957863008642698,0.9976716044351491,0.9956325162242796,0.8125,1.0745098039215686,0.59375,1.1137254901960785,0.275941754199962,0.2817241932678256,0.2714623443584568,0.2824579823297756,0.8646661815767974,0.8631678787962102,0.8655192939614572,0.8630154114859263,0.929874282673092,0.9290682853247172,0.9303328941628675,0.9289862278236025,0.9758903597746744,0.9682306436813573,0.982381416758416,0.9670711781222827
86.jpg,benign,547.8515625,750.0,438.28125,746.0,0.9915748844692891,0.9884661520007382,0.9932599075754314,0.9885276658567342,2.1484375,2.9411764705882355,1.71875,2.925490196078431,0.7417143553542769,0.7560556468773278,0.7334976005823726,0.755781689095874,0.49171103577575326,0.4886275167286234,0.4933705302835748,0.4886876162881192,0.7012211033445537,0.6990189673597015,0.7024033956947922,0.6990619545420271,0.9831473089732897,0.976930633910603,0.9865178471786317,0.9770536705297466
87.jpg,benign,282.890625,472.0,294.84375,398.0,0.9956495767077784,0.9927413649924646,0.9954657560052902,0.9938793713283918,1.109375,1.8509803921568626,1.15625,1.5607843137254902,0.4796461066099331,0.4948412732920786,0.48058696344108254,0.4894839782111454,0.71593419973688,0.7121853050042416,0.7157520094434833,0.7133081026860842,0.8461289498279089,0.8439107209914101,0.8460212819093166,0.8445756938759748,0.984447773553398,0.9741321340148804,0.9837906372246683,0.9781876892752592
89.jpg,benign,197.22656250000003,304.0,167.34375,268.0,0.9969669584089442,0.9953249469442992,0.9974265101651647,0.9958785716482637,0.7734375000000001,1.192156862745098,0.65625,1.0509803921568628,0.23668347580492358,0.24516557248981816,0.23434170598984688,0.24259722945177492,0.8896087601898912,0.8875838463336123,0.8900657424428104,0.888132609452402,0.9431907337277499,0.9421166840331469,0.9434329559872341,0.9424078784965679,0.9717503673004765,0.9566165574547016,0.9760306146791923,0.9617540703876977
91.jpg,benign,346.640625,488.0,290.859375,512.0,0.9946691996278413,0.9924953095684803,0.9955270295727863,0.9921262264325039,1.359375,1.9137254901960783,1.140625,2.0078431372549024,0.3438278934817072,0.3544615852975226,0.33973575889082325,0.3560532191224497,0.8230851227592753,0.8203368637827612,0.8239345556696942,0.8199734510770634,0.9072403886287664,0.9057244966228755,0.9077084089451272,0.905523854504708,0.9689364990928656,0.9564217925963087,0.9739352233767723,0.9542786020682582
92.jpg,benign,147.421875,192.0,101.6015625,204.0,0.9977328780026451,0.997047334912189,0.99843752402885,0.9968627933442007,0.578125,0.7529411764705882,0.3984375,0.7999999999999999,0.18611496992281007,0.19006689628467294,0.1823587515826805,0.1909629985800088,0.9184949504847895,0.9175156680784502,0.9191969087535443,0.9173322475414994,0.9583814222347955,0.9578703816688614,0.9587475730105106,0.9577746329599147,0.9713898271324213,0.9628778240229742,0.9802821781588309,0.9605576880244104
93.jpg,benign,1408.4765625,2210.0,1107.65625,1714.0,0.9783397938901361,0.9660135945621751,0.9829659482360902,0.9736413127056869,5.5234375,8.666666666666666,4.34375,6.7215686274509805,0.7885333770342059,0.8327876129737386,0.770404171061816,0.8063658929664222,0.4876322893012903,0.4755458664421057,0.4920795036764706,0.4827133923737077,0.6983067300988086,0.6895983370354846,0.7014837871800534,0.6947757856846392,0.9559006878157137,0.9308678085847065,0.9653193527942528,0.9463834497349262
94.jpg,benign,294.84375,486.0,310.78125,438.0,0.9954657560052902,0.9925260664964783,0.9952206617353059,0.9932642327684311,1.15625,1.9058823529411766,1.21875,1.7176470588235293,0.39497510526183854,0.4096903010591554,0.396183287444243,0.40636620652384603,0.783509073752433,0.779887710416882,0.7832662584890727,0.7806153985964349,0.8851604790954197,0.8831125128865982,0.8850233095738624,0.883524418788997,0.9786094244416935,0.9648601049411367,0.9774531771142178,0.9683307118605305
96.jpg,benign,422.34375,742.0,452.22656250000006,614.0000000000001,0.9935050018454157,0.9885891797127303,0.9930454500891952,0.9905576231046045,1.65625,2.9098039215686273,1.7734375000000002,2.4078431372549023,0.5959726534126177,0.619517143242938,0.5981985750887846,0.6108506860735675,0.6227017595583729,0.6168956200414445,0.6222483816883831,0.6188230441046764,0.7891145414693439,0.7854270303735698,0.7888272191604339,0.7866530646382027,0.982485695419253,0.9693107271191772,0.9812464757555209,0.9746048334921493
99.jpg,benign,274.921875,294.0,131.484375,310.0,0.9957721238427706,0.9954787315842893,0.9979779722726294,0.9952326761603051,1.078125,1.1529411764705881,0.515625,1.2156862745098038,0.3261924652452438,0.32843898165245733,0.3146789339701699,0.32961977967649536,0.8328999856012411,0.8320333667543655,0.8350920811894764,0.8317895931251711,0.9126335439820525,0.9121586302581177,0.9138337273210463,0.9120249958883644,0.9740441862129454,0.9723407607739843,0.9875863499279305,0.9708354960542013
10.jpg,malignant,649.453125,940.0,458.203125,828.0,0.9900124084981392,0.9855442438409252,0.992953539737951,0.9872666318088149,2.546875,3.686274509803922,1.796875,3.2470588235294118,0.4758904405188923,0.49503112050528625,0.46289590429029925,0.4882488928807286,0.7345975744004709,0.7294145760340306,0.7374886499483371,0.7310901588289838,0.857086678464011,0.8540577123555706,0.8587715935848933,0.8550381037292921,0.9609112296281876,0.9436058846576387,0.9724220331732613,0.9503251835069413
100.jpg,malignant,2028.046875,3424.0,1932.421875,3014.0,0.968811754144496,0.94734413926737,0.9702823197644019,0.9536493095069665,7.953125,13.427450980392157,7.578125,11.819607843137256,0.8249965004487718,0.8926725590336817,0.8199178584379617,0.8740814503696702,0.4765503056404088,0.45648522762294874,0.4779313249599013,0.46216622246700434,0.6903262313141583,0.6756369051664871,0.6913257733947876,0.679828083023204,0.9367668406589122,0.8933278319527016,0.9397483648714586,0.9061010763742534
101.jpg,malignant,364.5703125,516.0000000000001,266.953125,410.00000000000006,0.9943934685741087,0.9920647125765079,0.9958946709777627,0.9936948297604036,1.4296875,2.0235294117647062,1.046875,1.6078431372549022,0.5641745410214095,0.5764691610963009,0.5564566667481208,0.5687184713706677,0.6479921423513493,0.6447275421380682,0.6494787879248666,0.6463344700623086,0.8049795912638713,0.802949277437914,0.8059024679977513,0.8039492957035963,0.983816140724589,0.9771577172683082,0.9881495238092619,0.9818501241860591
102.jpg,malignant,153.3984375,200.0,79.6875,160.0,0.997640967651401,0.9969243072001969,0.9987745286500784,0.9975394457601575,0.6015625,0.7843137254901961,0.3125,0.6274509803921569,0.1495965717972676,0.153464565602993,0.1436405490017461,0.15051326542916238,0.9390261309314627,0.9380906632042418,0.9401556459842668,0.9387024055604556,0.9690336067090051,0.9685508056907711,0.9696162364483522,0.9688665571483287,0.9597568421578591,0.9477297702836545,0.979094463458628,0.9581838162269237
103.jpg,malignant,587.6953125,808.0,450.234375,758.0,0.9909621487943285,0.9875742010887952,0.9930760868729431,0.988343124288746,2.3046875,3.1686274509803924,1.765625,2.9725490196078432,0.7141144124777444,0.7300930308041951,0.7039796392321727,0.7267277555673977,0.5210201764720901,0.5169841835002389,0.5231004038410708,0.5177346002284338,0.7218172736032923,0.7190161218639252,0.7232568035221452,0.7195377684516872,0.9807711958264868,0.973603521474176,0.985268780531478,0.9752369669275066
104.jpg,malignant,916.40625,1424.0000000000002,838.7109375,1328.0,0.985907079475902,0.9781010672654016,0.9871019140420754,0.9795773998093071,3.59375,5.584313725490197,3.2890625,5.207843137254902,0.7519313370558348,0.7836647565591268,0.746821565289979,0.7780263816451228,0.5010873691158448,0.4930061356048402,0.5022499712775735,0.4944200082746988,0.7078752496844658,0.7021439564682161,0.7086959653318011,0.70315006099317,0.9709430700419983,0.9549002588390318,0.9734065923645245,0.9579406908274116
105.jpg,malignant,1573.828125,2400.0,1237.1484375,2132.0,0.975796940839049,0.9630916864023622,0.9809745572924675,0.9672131147540983,6.171875,9.411764705882353,4.8515625,8.36078431372549,0.7875364952745937,0.8319342472364641,0.7678886944928055,0.8183261346682154,0.4953662090602172,0.48282696700364114,0.5003200776519248,0.48666120613415625,0.7038225693029581,0.6948575156128349,0.7073330740548789,0.6976110708225295,0.949682706942981,0.9233661612545674,0.9604467860906217,0.9319236065811407
106.jpg,malignant,800.859375,1088.0,492.0703125,960.0,0.9876840129332882,0.9832682311690708,0.9924327144142342,0.9852366745609449,3.140625,4.2666666666666675,1.9296875,3.764705882352941,0.632832064953924,0.6519383824186817,0.6116017975103281,0.644073833788879,0.6075314839094339,0.6022659711662668,0.6121858357888191,0.60417244661319,0.7794430600816418,0.7760579689470799,0.7824230542288609,0.7772853058003799,0.9676149197233173,0.9561163974422571,0.9801017044071129,0.9612791742137563
107.jpg,malignant,1530.0,2202.0,1035.9375,2102.0,0.9764709500815059,0.9661366222741673,0.9840688724510196,0.9676744686740688,6.0,8.635294117647058,4.0625,8.24313725490196,0.6723821808684756,0.7083899512089853,0.6437847191042672,0.7034329494425728,0.6002079508369679,0.5894882049476431,0.6075061654659566,0.5909242834913552,0.774730889300903,0.767781352305227,0.7794268185442149,0.7687159966407329,0.9375573360295157,0.9103642743784931,0.9577211129366513,0.914434924951677
11.jpg,malignant,1286.953125,2292.0000000000005,1444.3359375,2032.0000000000002,0.9802086376987666,0.964752560514256,0.9777883317826714,0.968750961154,5.046875,8.988235294117649,5.6640625,7.968627450980393,0.6620335033039559,0.7161925918522378,0.6709841095530888,0.7033045653096217,0.6008062216154845,0.5852225897796681,0.5984875417883145,0.5889551641702886,0.7751169083534977,0.7649984246909716,0.773619765639629,0.767434143213793,0.9478883922504902,0.90743017991104,0.941515610497841,0.9179311193626672
12.jpg,malignant,1464.2578125,2160.0,1073.7890625,1932.0,0.9774819639451912,0.966782517762126,0.9834867735598068,0.9702888075539016,5.7421875,8.470588235294118,4.2109375,7.576470588235294,0.7634497068857939,0.8019101109720959,0.7401399900160595,0.7900295563105444,0.5140608193625948,0.5031912773618996,0.5198313388142481,0.5064769681196464,0.7169803479612219,0.7093597658183749,0.7209933001174478,0.7116719526015103,0.9514614587176106,0.9285164402558146,0.9644050697262477,0.936061927117701
14.jpg,malignant,1510.078125,2396.0,1267.03125,2210.0,0.9767773179189863,0.9631532002583583,0.980515005536247,0.9660135945621752,5.921875,9.39607843137255,4.96875,8.666666666666666,0.7636415670275077,0.8113580066387787,0.7494963236410983,0.8020254400615432,0.5156953685368909,0.5021080104493569,0.519273480771368,0.5047658316138723,0.7181193275054578,0.7085958018852193,0.7206063285673864,0.7104687407718037,0.9496924010042841,0.9203131941847914,0.9577894024257582,0.9264992316979921
15.jpg,malignant,1418.4375,2186.0,1157.4609375,2036.0,0.9781866099713961,0.9663826776981517,0.9822000286423892,0.9686894472980039,5.5625,8.572549019607843,4.5390625,7.984313725490196,0.7208618617701639,0.7629598426874613,0.7055292539942946,0.7553232875660676,0.5522635792310949,0.540189383641373,0.5561180697290405,0.5423464104614186,0.7431443865300302,0.7349757707852504,0.7457332430092147,0.736441722379591,0.948841931301316,0.9213291952153829,0.9582544411321132,0.9267274663579689
16.jpg,malignant,954.2578125,1622.0,926.3671875,1384.0,0.9853249805846892,0.9750561313935964,0.9857538955571618,0.9787162058253622,3.7421875,6.36078431372549,3.6328125,5.427450980392157,0.6312988063034399,0.6709764099215757,0.6295547005235977,0.6578453587857223,0.6153652150389873,0.6045248765262111,0.6157817315230321,0.60801580535449,0.7844521751126625,0.7775119783811766,0.7847176125989731,0.7797536824885728,0.9603559155638937,0.9327925508755507,0.9615146153177673,0.9426540631391873
18.jpg,malignant,2466.328125,3762.0,1884.609375,3264.0,0.9620716617199274,0.9421462184357027,0.9710176025743549,0.9498046935072125,9.671875,14.75294117647059,7.390625,12.799999999999999,0.8510948934131088,0.9110429748019444,0.8210090051936472,0.8891371190181753,0.4667362068525327,0.4484358036368764,0.47508368738886486,0.4552668797867203,0.6831809473723142,0.669653495202464,0.689263148143628,0.6747346736212096,0.9236494629794637,0.8836054867208222,0.9416578287387503,0.8990133728486879
19.jpg,malignant,2099.765625,3200.0,1681.40625,2952.0,0.9677088299295666,0.9507889152031495,0.9741425545166549,0.9546027742749055,8.234375,12.549019607843137,6.59375,11.576470588235294,0.8136781782339868,0.8675267280986019,0.791240857450827,0.8561622017183822,0.48996378393000883,0.4737861424664248,0.4960234837750205,0.47723922632897375,0.6999741309005704,0.6883212494659923,0.7042893466289409,0.6908250330792695,0.9325552983760893,0.8973521143209037,0.9459930472764889,0.9053073254610337
2.jpg,malignant,1227.1875,1654.0,659.4140625,1568.0,0.9811277412112078,0.9745640205456279,0.989859224579399,0.9758865684495432,4.8125,6.486274509803922,2.5859375,6.149019607843137,0.6946381427892458,0.719901679741204,0.6585357124585807,0.7151768422770509,0.5690055207131872,0.5617808672351347,0.5774838037428512,0.5630379019928602,0.7543245460099964,0.7495204248285263,0.7599235512489735,0.7503585156395975,0.954245937262494,0.9384747485414734,0.9754146188861779,0.9416737640344802
20.jpg,malignant,1350.703125,2140.0,1041.9140625,1864.0,0.9792282606188294,0.9670900870421062,0.9839769620997754,0.9713345431058347,5.296875,8.392156862745098,4.0859375,7.309803921568627,0.7174297617424652,0.7611095392254927,0.6989219388756975,0.7468197753812764,0.5528266077800605,0.5404165125618587,0.5574006495022947,0.5443996719092308,0.7435231050747922,0.7351302691100801,0.7465926931749967,0.737834447494308,0.9513344376343638,0.9230626655198909,0.9624600455498116,0.9329854245462975
21.jpg,malignant,1633.59375,2672.0,1506.09375,2384.0,0.9748778373266078,0.9589087441946298,0.9768385914864823,0.9633377418263462,6.40625,10.47843137254902,5.90625,9.349019607843138,0.8102510167333336,0.8643710789345107,0.8029973412453701,0.850162419519834,0.4757539209866698,0.4607643940217001,0.4776200301754434,0.46484907904436246,0.6897491725161182,0.6787962831525377,0.6911005933838021,0.6817984152550975,0.9497302368464207,0.917788644506911,0.9536537305559684,0.9266497486917948
22.jpg,malignant,398.4375,642.0,410.390625,536.0,0.9938726432503922,0.9901270261126318,0.9936888225479039,0.9917571432965275,1.5625,2.5176470588235293,1.609375,2.1019607843137256,0.2782268707115598,0.29432989730307907,0.27902833804471583,0.2878497078348587,0.8692798072143226,0.8651404269584896,0.8690982702153318,0.8667410373764208,0.9323517615226147,0.9301292528237619,0.9322544020895432,0.9309892788729743,0.9508349767521853,0.9210679897732553,0.9493600260547509,0.9341003777546182
23.jpg,malignant,274.921875,356.0,149.4140625,350.0,0.9957721238427706,0.9945252668163505,0.9977022412188971,0.9946175376003445,1.078125,1.396078431372549,0.5859375,1.3725490196078431,0.13043210178850617,0.1358428713481835,0.12176453548672352,0.1354791498442437,0.9514455495069505,0.9500409245490267,0.9533631009369894,0.9501321949192639,0.9754207038539578,0.9747004281054906,0.9764031446779499,0.9747472466846284,0.9046566730999437,0.8770097299436744,0.9481829745108391,0.8790825996637247
25.jpg,malignant,510.0,758.0,410.390625,678.0000000000001,0.9921569833605018,0.9883431242887459,0.9936888225479039,0.9895734014086675,2.0,2.9725490196078432,1.609375,2.658823529411765,0.44600366042135586,0.4632168228285426,0.4390038651732711,0.4581524372309824,0.7529028498654363,0.7483768791496365,0.7544130299944733,0.7495800055608105,0.867699746378571,0.8650877869613213,0.8685695308923019,0.8657828859251091,0.9672267933013734,0.9514495619764773,0.9736278102346989,0.9565736187599625
26.jpg,malignant,1115.625,1804.0,952.265625,1530.0,0.982843401101098,0.9722572509457754,0.9853556173684372,0.9764709500815059,4.375,7.074509803921568,3.734375,6.0,0.7775664869128797,0.8172894706634066,0.7672058813635074,0.8019675154950894,0.48543385506776227,0.4756154086774361,0.4878662165693484,0.4796131220343638,0.6967308340153766,0.6896487574682029,0.6984742060873461,0.6925410616233263,0.9655279540637054,0.9442248559912256,0.9705756465043771,0.9526962470435563
27.jpg,malignant,1504.1015625,2446.0,1284.9609375,2118.0,0.9768692282702303,0.9623842770584073,0.9802392744825146,0.9674284132500846,5.8984375,9.592156862745098,5.0390625,8.305882352941175,0.798886977985009,0.8494608846312071,0.7860225744077256,0.8327608497141603,0.48154654074980174,0.4676231941667365,0.4847720880152766,0.472313362692402,0.6939355450975269,0.6838297991216356,0.6962557633623413,0.687250582169562,0.9533512490808712,0.9241875059541335,0.9601477558373006,0.9343536948531703
28.jpg,malignant,806.8359375,1150.0,569.765625,1066.0,0.9875921025820441,0.9823147664011318,0.9912378798480608,0.9836065573770492,3.1640625,4.509803921568627,2.234375,4.180392156862745,0.6473854272010321,0.6698975189622116,0.6312727318730067,0.6648186978371953,0.5946139959315528,0.5885227948142264,0.5981826457221983,0.5897705817757669,0.7711121811588459,0.7671523934748731,0.7734226824461501,0.7679652217228115,0.9684378475076151,0.9551248295324125,0.9777116651535258,0.9584026680709146
29.jpg,malignant,1561.875,2376.0,1165.4296875,2132.0,0.9759807615415372,0.9634607695383385,0.9820774815073972,0.9672131147540983,6.125,9.31764705882353,4.5703125,8.36078431372549,0.7666085233759294,0.8104019226141042,0.7434085843446796,0.7980743532399186,0.5149024868928116,0.5023592831609881,0.5207435856063474,0.5058515425631847,0.7175670609028898,0.7087730829828317,0.7216256547589944,0.7112324110747377,0.9479706364866933,0.9209841232153144,0.9611770693172393,0.9290985482723275
30.jpg,malignant,360.5859375,570.0,348.6328125,498.0,0.9944547421416048,0.991234275520561,0.994638562844093,0.9923415249284901,1.4140625,2.235294117647059,1.3671875,1.9529411764705882,0.43750470934674374,0.4532279604127988,0.4366158808787272,0.44833118157607443,0.7534913263903906,0.7495264505518756,0.7536731449817979,0.7506155307432847,0.8680387816165765,0.865751956712704,0.8681435048318901,0.8663807077395507,0.9769897123312091,0.9637451607491403,0.9777524842981304,0.968324719391354
31.jpg,malignant,1741.171875,2738.0,1428.3984375,2418.0,0.9732234510042137,0.9578937655706949,0.9780334260526559,0.9628148740503799,6.828125,10.737254901960783,5.6015625,9.48235294117647,0.7171870947766923,0.7677834783351086,0.6999567879685327,0.7526449543773905,0.5672589273243764,0.5520252033309876,0.571834515927618,0.5565561741033267,0.7531659361152604,0.7429839859182616,0.7561974053959839,0.7460269258567861,0.934157354175691,0.8967059450274928,0.945984923276854,0.908778296229539
32.jpg,malignant,1553.90625,2466.0,1267.03125,2218.0,0.9761033086765294,0.9620767077784271,0.980515005536247,0.965890566850183,6.09375,9.670588235294117,4.96875,8.698039215686276,0.706610243219457,0.7545725317293336,0.6902790378408813,0.7424584618762555,0.5703373406750109,0.5562174590821471,0.5745577126473291,0.5597566456931582,0.7552068198017089,0.7457998787088579,0.7579958526583962,0.7481688617505798,0.9411890174024312,0.9068888647237929,0.9520464295742901,0.9162528393987724
34.jpg,malignant,794.8828125,1200.0,541.875,920.0,0.9877759232845325,0.981545843201181,0.9916667948205333,0.9858518131209055,3.1171875,4.705882352941177,2.125,3.607843137254902,0.6872462531013256,0.7137175341775088,0.6697482344792809,0.6963778580006421,0.5571960580628545,0.5502436925673013,0.5610070012322483,0.554409339678156,0.7464556638293092,0.7417841280098283,0.7490040061523359,0.7445866905056495,0.9716195993595134,0.9572459999761941,0.9806529599643801,0.9672219333150821
35.jpg,malignant,980.15625,1448.0000000000002,840.703125,1610.0,0.9849267023959647,0.9777319841294252,0.9870712772583274,0.9752406729615846,3.84375,5.678431372549021,3.296875,6.313725490196078,0.7607508494732014,0.7885459695975583,0.7516476604995104,0.7978016067599225,0.495543045812458,0.489273723929267,0.4976275993795955,0.4868995377964379,0.7039481840394632,0.6994810390062528,0.7054272459861438,0.6977818697819813,0.9692132312873761,0.9544571318675961,0.9735934626082781,0.9493618662339984
36.jpg,malignant,428.3203125,568.0,316.7578125,604.0,0.9934130914941715,0.991265032448559,0.9951287513840616,0.9907114077445944,1.6796875,2.227450980392157,1.2421875,2.368627450980392,0.5714071575725495,0.5825689611370675,0.5628676859297391,0.5850699213426476,0.6448917910741961,0.641807711433851,0.6465878184434772,0.6412640568107288,0.8030515494500936,0.8011290229631248,0.8041068451664102,0.8007896457939057,0.9811024698604142,0.975009256146817,0.9860246172456085,0.9734253357617559
37.jpg,malignant,1980.234375,3278.0,1808.90625,2866.0,0.969547036954449,0.9495893950112263,0.9721818003567804,0.9559253221788208,7.765625,12.854901960784314,7.09375,11.239215686274509,0.820584199527168,0.8842732784798452,0.8113693320906512,0.8652921549224037,0.47905512227869085,0.4602704341822217,0.4815363907511535,0.4660077885047318,0.6921380803558571,0.6784323357433825,0.693928231700623,0.6826476312891826,0.9380295833437178,0.8975085751672552,0.9433912089296738,0.9103903527850377
38.jpg,malignant,1354.6875,2240.0,1282.96875,2045.9999999999998,0.9791669870513333,0.9655522406422046,0.9802699112662627,0.9685356626580138,5.3125,8.784313725490197,5.03125,8.023529411764706,0.7261627903003587,0.7747479476837174,0.7219665603054313,0.7648865300905627,0.5448603301614763,0.5310962457434747,0.5459185319348328,0.5338830639917426,0.7381465505991858,0.7287635046731379,0.7388629994355062,0.7306730212562542,0.9520786771946184,0.9209252613905017,0.9546156884019621,0.9277736985736457
40.jpg,malignant,207.1875,388.0,247.03125,284.0,0.9968137744902039,0.9940331559683819,0.9962010388152431,0.9956325162242796,0.8125,1.5215686274509805,0.96875,1.1137254901960785,0.38344903993873725,0.39816566590048474,0.38664301196879514,0.39045459820182815,0.7883452094934943,0.784882470631693,0.7877367446001838,0.7864653266621346,0.8878880613531721,0.8859359291910973,0.8875453479119723,0.8868288034689303,0.984716544214597,0.9714754804384411,0.9817774181020195,0.9791212279497867
41.jpg,malignant,1484.1796875,2116.0,952.265625,1928.0,0.9771755961077108,0.9674591701780826,0.9853556173684372,0.9703503214098976,5.8203125,8.298039215686273,3.734375,7.56078431372549,0.7497986386574924,0.7847909528866461,0.7178011564846312,0.77500700624393,0.527776909534494,0.5177535759247952,0.5356505516958622,0.5204649639234666,0.7264825596905228,0.7195509543630633,0.7318815147931134,0.721432577531308,0.9492692252848166,0.927808503012655,0.9674505901827414,0.9342224923480148
42.jpg,malignant,705.234375,1044.0,595.6640625,928.0,0.9891545785531941,0.9839448835850275,0.9908396016593364,0.9857287854089133,2.765625,4.094117647058824,2.3359375,3.6392156862745098,0.6000267103676491,0.6226368219645191,0.5925737539935424,0.6155003723619296,0.6326075420210977,0.6265641013179062,0.6342588797352582,0.6282939297147269,0.7953662942450463,0.791558021447516,0.7964037165503801,0.7926499414714713,0.969591623666278,0.9551072609657537,0.9743160889158676,0.9600953430806699
43.jpg,malignant,426.328125,576.0,324.7265625,554.0,0.9934437282779196,0.9911420047365669,0.9950062042490697,0.9914803309445452,1.671875,2.258823529411765,1.2734375,2.1725490196078434,0.6147529717968835,0.6267162859461946,0.6069053869698446,0.6251571060864889,0.6058920059292098,0.602650083685614,0.6074364586712443,0.6029825355965033,0.7783906512344619,0.7763054061937312,0.7793821005586696,0.7765195011050935,0.9830844588097216,0.9772032690155806,0.987115732644788,0.9780739774906799
45.jpg,malignant,1276.9921875,2020.0,920.390625,1670.0,0.9803618216175068,0.9689355027219881,0.9858458059084059,0.9743179651216436,5.0078125,7.921568627450981,3.609375,6.549019607843137,0.7161454057619197,0.7580227092886443,0.6942674906263391,0.7394236199320807,0.5511056529114403,0.5393422857946127,0.556404398999183,0.5444193854994109,0.7423649054955658,0.7343992686506522,0.7459251966512346,0.7378478064610688,0.9542910107174968,0.9278494616998189,0.9670552994562925,0.9403507925934145
47.jpg,malignant,1986.2109375,3114.0,1615.6640625,2774.0,0.9694551266032049,0.9521114631070648,0.9751535683803402,0.9573401408667301,7.7890625,12.211764705882352,6.3359375,10.878431372549018,0.7653357837802874,0.8207030569283252,0.7454424191399691,0.8051297029308673,0.5314662263687644,0.5145943350980998,0.5368491019454658,0.5193496303214051,0.7290173018308718,0.7173523089097155,0.7326998716701578,0.7206591637670371,0.9304081784042674,0.8911136673575526,0.9433912063047751,0.9030023485066959
48.jpg,malignant,1035.9375,1698.0,916.40625,1636.0,0.9840688724510196,0.9738873681296711,0.985907079475902,0.9748408328976104,4.0625,6.658823529411765,3.59375,6.415686274509804,0.7453470189148796,0.7849848609088934,0.7377113603809149,0.7815453287636329,0.5131106725778548,0.5026463413577807,0.5148937157583622,0.5035509334312462,0.7163174384152984,0.708975557658923,0.7175609491592768,0.7096132280554289,0.9661906306613881,0.9446666929857793,0.9700917117389203,0.9466871082006684
49.jpg,malignant,543.8671875,872.0,472.1484375,722.0,0.9916361580367854,0.9865899793928583,0.9927390822517146,0.9888967489927105,2.1328125,3.419607843137255,1.8515625,2.831372549019608,0.495540498971083,0.5178772579047226,0.49052935833562,0.5084490577570102,0.7146436518368836,0.7088380691719286,0.7157293595574719,0.7110883260379107,0.8453659869174319,0.8419252159021777,0.846007895682701,0.843260532716853,0.9698119535766705,0.9517498916321651,0.9737927948632634,0.960049795594522
5.jpg,malignant,1633.59375,2458.0,1255.078125,2218.0,0.9748778373266078,0.9621997354904193,0.9806988262387353,0.9658905668501829,6.40625,9.63921568627451,4.921875,8.698039215686276,0.7570157754612503,0.8007364191121229,0.7352978461750996,0.7888075571816903,0.5266909479114104,0.5139607132441446,0.5322534306404086,0.5173861866336269,0.7257347641607163,0.7169105336401081,0.7295570098631146,0.719295618389009,0.944025041641398,0.9159359774296474,0.9569948490659522,0.9241440186895679
50.jpg,malignant,521.953125,770.0,448.24218750000006,726.0,0.9919731626580137,0.988158582720758,0.9931067236566913,0.9888352351367147,2.046875,3.019607843137255,1.7578125000000002,2.847058823529412,0.7388571390300862,0.7562364175029204,0.7333132260378737,0.7532235960873295,0.4930433644812092,0.48949669510188976,0.49416002953341276,0.49015779025634276,0.7021704668249792,0.6996404041376468,0.7029651695023109,0.7001126982538902,0.9839137162656202,0.9762599166189125,0.9861854433578798,0.9776164928121176
51.jpg,malignant,1217.2265625,1748.0,830.7421875,1556.0,0.981280925129948,0.9731184449297203,0.9872244611770676,0.9760711100175314,4.7734375,6.854901960784313,3.2578125,6.101960784313725,0.5359947405638492,0.5652247141974294,0.513223213166325,0.555389909367991,0.7054082723967345,0.6967503401007598,0.7111647047184377,0.6995530197550672,0.8398858686730802,0.8347157241245428,0.8433058192129578,0.8363928620899793,0.932230923221552,0.9029848197403963,0.9537484369613538,0.913640949379895
53.jpg,malignant,786.9140625,1170.0,663.3984375,1116.0,0.9878984704195246,0.9820071971211516,0.9897979510119028,0.9828376341770984,3.0859375,4.588235294117648,2.6015625,4.376470588235295,0.7338372993360693,0.7590510149986229,0.7253641660076603,0.7557305288511558,0.5123000370012436,0.5059171550409219,0.5141571802874796,0.5067184098151702,0.7157513793219288,0.7112785354844626,0.7170475439519193,0.7118415622982197,0.974562584268604,0.9622322227022491,0.9785552925606205,0.9639753508852222
55.jpg,malignant,872.578125,1274.0,561.796875,1116.0,0.9865810887183588,0.9804078368652539,0.9913604269830529,0.9828376341770985,3.421875,4.996078431372549,2.203125,4.376470588235295,0.5926929568476156,0.6178476805250095,0.5721079087684706,0.6086637644432094,0.6460170672224927,0.6390848279009005,0.6506910507865064,0.6414253537773676,0.8037518691875576,0.799427812814203,0.8066542324853359,0.8008903506581707,0.9606181706390273,0.9426628984527764,0.9746445756169079,0.9497737791784131
56.jpg,malignant,966.2109375,1506.0,856.640625,1240.0,0.9851411598822011,0.9768400332174823,0.9868261829883431,0.9809307046412205,3.7890625,5.905882352941176,3.359375,4.862745098039215,0.770438310826577,0.8032287036847927,0.7632701073040675,0.7875285244986642,0.48536267366742963,0.47739015257639794,0.48700048555918996,0.48130813556019997,0.6966797497182113,0.6909342606763671,0.6978542007892408,0.6937637462135074,0.9702818062582766,0.9536780501344849,0.9736519107032143,0.9618597491147155
59.jpg,malignant,1161.4453125,1708.0,739.1015625,1580.0,0.9821387550748932,0.9737335834896811,0.9886337532294773,0.975702026881555,4.5546875,6.698039215686275,2.8984375,6.196078431372549,0.6004342167788261,0.631668017534576,0.5744045936061895,0.624904008802986,0.6501213001572412,0.6411324023632112,0.6564265598530312,0.6430013398271537,0.8063009984845866,0.8007074386835751,0.8102015550793711,0.8018736433049497,0.9462546696715942,0.9211894642188101,0.9657984261546508,0.9270956402024122
6.jpg,malignant,1645.546875,2390.0,1151.484375,2178.0,0.9746940166241196,0.9632454710423523,0.9822919389936334,0.9665057054101436,6.453125,9.372549019607842,4.515625,8.541176470588235,0.70676641414696,0.745971115185958,0.6785910791865092,0.7355497597633393,0.5734107712478373,0.561707357874511,0.5806819830413784,0.564738607707295,0.7572389129250011,0.7494713856275709,0.76202492284792,0.751490923236798,0.9370368064750185,0.9087710481339023,0.9559410098578215,0.9168633233621921
60.jpg,malignant,990.1171875,1444.0,776.953125,1358.0,0.9847735184772245,0.9777934979854213,0.9880516543382647,0.9791160458893364,3.8828125,5.662745098039216,3.046875,5.325490196078431,0.7701222006819299,0.7980082037453227,0.7560736268169637,0.7929635611682877,0.48683022398987164,0.4798955617726658,0.49001932474889465,0.481161139070369,0.6977322007689423,0.6927449471289313,0.7000138032559748,0.6936577968064433,0.9694350010749511,0.9554429049306014,0.9760153931976477,0.9580965823377816
61.jpg,malignant,1079.765625,2010.0,1171.40625,1762.0,0.9833948632085627,0.9690892873619783,0.9819855711561529,0.9729031464337341,4.234375,7.882352941176471,4.59375,6.909803921568628,0.7634714767452336,0.8158333105690208,0.7691435265858346,0.8025006043948273,0.4975592357807094,0.48470619572130974,0.4961987126345636,0.4882988739580687,0.7053787888650391,0.6962084427248134,0.704413736829829,0.6987838535327421,0.9658403361344536,0.9363099932401981,0.9629411764705881,0.9441682627309598
63.jpg,malignant,1589.765625,2576.0,1276.9921875,2272.0,0.9755518465690647,0.9603850767385353,0.9803618216175068,0.9650601297942362,6.234375,10.101960784313727,5.0078125,8.909803921568628,0.800600935746136,0.8527510456270606,0.7823861287271647,0.8375821036108428,0.48337569609645326,0.46877152959682944,0.48797368443777633,0.4730980962132537,0.6952522535716467,0.6846689196953732,0.6985511323001176,0.687821267636625,0.9503858686402237,0.9196736577694196,0.9601470448601295,0.9291531639953886
64.jpg,malignant,822.7734375,1272.0,737.109375,1124.0,0.9873470083120598,0.9804385937932519,0.9886643900132255,0.9827146064651063,3.2265625,4.988235294117647,2.890625,4.407843137254901,0.7374598880669467,0.7664349914389764,0.7316797408578362,0.7574392792664826,0.5105759630272912,0.5032333297414222,0.5118617618711854,0.5054255110528127,0.714545983843791,0.7093894062793877,0.7154451494497571,0.7109328456702593,0.973469563732162,0.9590405905243149,0.9762318125445519,0.9638063079790329
67.jpg,malignant,2133.6328125,3250.0,1711.2890625,2968.0,0.9671880046058501,0.9500199920031986,0.9736830027604342,0.9543567188509212,8.3671875,12.745098039215687,6.7109375,11.63921568627451,0.8240404212762307,0.8784238235688506,0.8014427809393592,0.865509378703947,0.4812540751115857,0.46498241976845917,0.48736511864051685,0.4689045084691497,0.6937247834059165,0.681896194276269,0.6981154049586048,0.6847660246165472,0.9326245985296368,0.897482665329843,0.9459612793062167,0.9063780155996842
69.jpg,malignant,1808.90625,2632.0,1356.6796875,2574.0,0.9721818003567804,0.9595238827545904,0.9791363502675854,0.9604158336665334,7.09375,10.321568627450981,5.3203125,10.094117647058823,0.7773960640342945,0.8200510540139146,0.7520164752480574,0.8172577751849134,0.5139756611226751,0.5013844374468696,0.5205917472208706,0.5022049900365119,0.716920958769288,0.7080850495857609,0.7215204413049368,0.7086642294038213,0.9393902730948162,0.9119644456970485,0.9545427048211121,0.9139044389149706
7.jpg,malignant,472.1484375,628.0,316.7578125,610.0,0.9927390822517147,0.990342324608618,0.9951287513840616,0.9906191369606003,1.8515625,2.462745098039216,1.2421875,2.392156862745098,0.5162076508196966,0.5280875228252553,0.5046339793345442,0.5268745960940703,0.6944547784168048,0.6911907216947435,0.6968154915439675,0.6914622680390426,0.8333395336936829,0.8313788075809627,0.8347547493389705,0.8315421023851063,0.9756616461003812,0.9677260014573766,0.9836717372572178,0.9686510523710189
70.jpg,malignant,1639.5703125,2546.0,1271.015625,2192.0,0.9747859269753637,0.9608464306585058,0.980453731968751,0.9662904069141574,6.4296875,9.984313725490196,4.984375,8.596078431372549,0.7438903419908134,0.7914057202911535,0.7228736900538124,0.773966328648094,0.5391733737287041,0.5252338349740089,0.5445875651980309,0.5302812174242864,0.7342842594858643,0.7247301808080087,0.7379617640488095,0.7282041042347168,0.9422015354363141,0.9104320816932299,0.9551938998886615,0.922885751402812
71.jpg,malignant,974.1796875,1538.0,878.5546875,1360.0,0.9850186127472088,0.9763479223695137,0.9864891783671147,0.9790852889613386,3.8203125,6.031372549019608,3.4453125,5.333333333333333,0.7708970263142672,0.804972450530858,0.7646657095842805,0.7946198926533266,0.4852977248459126,0.4770112620748445,0.4867264121296496,0.47962667137310483,0.6966331350473595,0.6906600191663367,0.6976578044640865,0.6925508438902553,0.9700334747634456,0.9526852506743045,0.9729749741731687,0.9581612099590731
72.jpg,malignant,231.09375,322.0,253.0078125,396.0,0.9964461330852274,0.995048134592317,0.996109128463999,0.9939101282563898,0.90625,1.2627450980392159,0.9921875,1.5529411764705883,0.34166282081029997,0.3494162554861917,0.34336868199961695,0.35472581983097634,0.8201950421712801,0.8181927983514459,0.8198605413557886,0.8170673404677851,0.9056462014336946,0.9045401032300591,0.9054615073849294,0.9039177730677637,0.9798374694183726,0.9720039141263875,0.977925505311494,0.9655700310374207
75.jpg,malignant,1215.234375,1890.0,948.28125,1702.0,0.9813115619136962,0.9709347030418601,0.9854168909359333,0.9738258542736751,4.765625,7.411764705882353,3.71875,6.674509803921569,0.6682147159298043,0.7065238151915729,0.6519915815963819,0.6966089850722441,0.5925746937964065,0.5817182852068992,0.5965434911039323,0.5844497704059347,0.7697887332225684,0.7627045858042937,0.7723622797003569,0.7644931460817257,0.9519676042449802,0.9254840660352985,0.9625189829846075,0.9328962330116817
76.jpg,malignant,757.03125,934.0,330.703125,932.0,0.9883580221757451,0.9856365146249193,0.9949142938978255,0.9856672715529172,2.96875,3.6627450980392156,1.296875,3.6549019607843136,0.4111991588646027,0.4226290928274406,0.3827880640726766,0.4225136595894272,0.7876909576732807,0.7843536576075124,0.7941376556079693,0.7843835323739826,0.8875195534033493,0.8856374301075539,0.8911440150772317,0.8856542961980045,0.9420218314271427,0.9287121893723126,0.9746726947813309,0.9288648399304019
77.jpg,malignant,675.3515625,998.0,470.15625,876.0,0.9896141303094147,0.9846522929289823,0.9927697190354627,0.9865284655368622,2.6484375,3.9137254901960783,1.84375,3.4352941176470586,0.5561449451228803,0.5776780754799276,0.5419418152240044,0.570179791995611,0.6694462104982157,0.6636716836055574,0.6725462567169178,0.6654938135319262,0.8181969264781039,0.8146604713655606,0.8200891760759422,0.8157780418299614,0.967571590065745,0.9522192346685736,0.9774244697802827,0.9580601699094894
78.jpg,malignant,948.28125,1258.0,464.1796875,1206.0,0.9854168909359333,0.9806538922892382,0.9928616293867069,0.981453572417187,3.71875,4.933333333333334,1.8203125,4.7294117647058815,0.5255581285958105,0.5445509982888462,0.4940362152106938,0.541636875870438,0.7052245685440997,0.6997474164625708,0.7125077057764742,0.7005168060490738,0.8397764991615921,0.8365090653797906,0.844101715302412,0.8369688202370945,0.9479918503413193,0.9312202308274056,0.974542229263713,0.9340632737502791
79.jpg,malignant,404.41406250000006,586.0,332.6953125,556.0,0.9937807328991481,0.9909882200965768,0.9948836571140774,0.9914495740165473,1.5859375000000002,2.298039215686275,1.3046875,2.180392156862745,0.5179347375262442,0.5319306844576197,0.5125124073179639,0.5298668683519315,0.689879314652868,0.6862124269182839,0.6909697531260512,0.6866656852915383,0.8305897390727073,0.8283793979320611,0.8312459041258797,0.8286529341597351,0.9795375314793178,0.9704388537655338,0.9831663436307689,0.9719522230266838
80.jpg,malignant,525.9375,742.0,342.65625,686.0,0.9919118890905176,0.9885891797127303,0.9947304731953374,0.9894503736966752,2.0625,2.9098039215686273,1.34375,2.6901960784313728,0.3416727580781731,0.355924701252339,0.3291855788556932,0.3525541486055142,0.8304722642733564,0.826642756305393,0.8332532409409844,0.8274850507471989,0.9113025097481936,0.9091989640916849,0.9128270597111944,0.909662053043436,0.9499195733790398,0.92959498338631,0.9673718432621017,0.9349085695458338
82.jpg,malignant,1848.75,2866.0,1466.25,2430.0,0.9715690646818196,0.9559253221788209,0.9774513271614431,0.9626303324823916,7.25,11.239215686274509,5.75,9.529411764705882,0.7254570912883112,0.7762669104537994,0.7046366015057384,0.7558054336899571,0.5633808928844976,0.5479144536282071,0.5689633611659277,0.5540734650751692,0.7505870321851408,0.7402124381744791,0.7542966002614142,0.7443611120116158,0.9304849750100113,0.8924867627373588,0.9448673939734571,0.9088425797110197
83.jpg,malignant,950.2734375,1288.0,500.0390625,1212.0,0.9853862541521853,0.9801925383692677,0.9923101672792423,0.9813613016331929,3.7265625,5.0509803921568635,1.9609375,4.752941176470588,0.4220754526214425,0.4415356416776026,0.39419204526522916,0.4375073110832774,0.7852002037602726,0.7794997774049877,0.7919697905778429,0.7806236228014511,0.8861152316489501,0.8828928459360104,0.8899268456327424,0.8835290729803129,0.9270757744721201,0.9014954593575247,0.9616268750366923,0.907307839084876
84.jpg,malignant,1751.1328125,2718.0,1336.7578125,2368.0,0.9730702670854736,0.958201334850675,0.9794427181050657,0.9635837972503306,6.8671875,10.658823529411764,5.2421875,9.28627450980392,0.770704732551865,0.8205593971746175,0.7473140303301649,0.8035894840341725,0.5181722559006752,0.5035085901512756,0.5242421869368151,0.5084701337920337,0.7198418270013733,0.7095833919640986,0.72404570776769,0.7130709177859056,0.9408937715719103,0.908423070887177,0.9548802283558041,0.9202155378443102
86.jpg,malignant,502.03125,774.0,434.296875,734.0,0.9922795304954941,0.9880970688647618,0.9933211811429274,0.9887122074247223,1.96875,3.0352941176470587,1.703125,2.8784313725490196,0.405829640011053,0.4242302487443403,0.4011620298523335,0.42177306418016713,0.7833692889303393,0.7785599840123005,0.784395956107627,0.7791608660851318,0.8850815154155799,0.8823604614964909,0.8856613100433072,0.8827008927633028,0.963054035512321,0.9432316174102418,0.9680388084987539,0.946165383952348
88.jpg,malignant,1171.40625,1658.0,649.453125,1498.0000000000002,0.9819855711561529,0.9745025066896318,0.9900124084981392,0.9769630609294744,4.59375,6.5019607843137255,2.546875,5.87450980392157,0.6324989989506892,0.6608378238242223,0.5996032851594847,0.6521735494076716,0.62269163349508,0.614558873032745,0.6304938197035094,0.6169000398362149,0.78910812535107,0.7839380543338517,0.7940364095578423,0.7854298439938572,0.9499060215229945,0.9292890924202285,0.9722268078511841,0.9361128229466239
89.jpg,malignant,1408.4765625,2140.0,988.125,1862.0,0.9783397938901361,0.9670900870421062,0.9848041552609725,0.9713653000338327,5.5234375,8.392156862745098,3.875,7.301960784313726,0.6984030275481792,0.7385142833945124,0.6733707783412282,0.7242318969254486,0.5725117546061009,0.5609155263827342,0.5787379572309929,0.5649276807001005,0.7566450651435592,0.7489429393369926,0.7607482876950779,0.7516167112964562,0.946687902349128,0.9191900767097141,0.9625985849578041,0.9296878144081716
9.jpg,malignant,1245.1171875,1850.0,860.625,1754.0,0.9808520101574756,0.9715498416018209,0.986764909420847,0.9730261741457262,4.8828125,7.254901960784314,3.375,6.87843137254902,0.703665838849051,0.738444436640305,0.679884016077849,0.7333271889432567,0.5614023016050017,0.5516039974569861,0.5671238080193015,0.5529985259565827,0.7492678437014375,0.7427004762735689,0.7530762298859933,0.7436387066019242,0.9543888725510501,0.9323820120049581,0.9684735887072858,0.935890837327944
90.jpg,malignant,1675.4296875,2614.0,1278.984375,2182.0,0.9742344648678991,0.9598006951065728,0.9803311848337589,0.9664441915541475,6.5703125,10.250980392156864,5.015625,8.556862745098039,0.6982972220514496,0.7464014309106171,0.6761194189316637,0.7255808981862566,0.5820495450592921,0.5675949189979722,0.5878693497543013,0.5737485107094378,0.7629217162063825,0.7533889559835425,0.7667263851950715,0.7574618872982573,0.9344125343838386,0.8979234130809216,0.9499320417056176,0.9147929943927203
94.jpg,malignant,970.1953125,1478.0,749.0625,1304.0,0.985079886314705,0.9772706302094547,0.9884805693107372,0.9799464829452834,3.8046875,5.796078431372549,2.9375,5.113725490196078,0.5816924000970423,0.6119949546575083,0.5677681163103537,0.6023626728499265,0.6592329924750997,0.6507701636063732,0.6625438124947437,0.6533315732673723,0.8119316427354581,0.8067032686225916,0.813967943161611,0.8082892881062895,0.9542418007293966,0.9304937167942016,0.9646712876268031,0.9386764592013797
95.jpg,malignant,1322.8125000000002,1972.0,940.3125000000001,1766.0,0.9796571755913019,0.9696736689939409,0.9855394380709255,0.9728416325777381,5.187500000000001,7.733333333333333,3.6875000000000004,6.925490196078432,0.5627257691524623,0.5974914437397019,0.540616106039273,0.5872468908030795,0.6869425864038171,0.6765658336537229,0.6926202103945899,0.679551730924181,0.828819996382699,0.8225362202685805,0.8322380731464945,0.8243492772630913,0.9305998439029967,0.8968571295736668,0.9506673589189975,0.9076316890603933
96.jpg,malignant,215.15625,310.0,193.2421875,300.0,0.9966912273552119,0.995232676160305,0.9970282319764402,0.9953864608002954,0.84375,1.2156862745098038,0.7578125,1.1764705882352942,0.3172689266596378,0.3252791950904481,0.31552191288417725,0.32454423367781526,0.8368377176333923,0.834824436879259,0.837172610800984,0.8349767812072398,0.9147883458119656,0.9136872752092255,0.914971371574534,0.9137706392783913,0.979302312576057,0.9702837961265167,0.9814104103692366,0.9712423833482421
97.jpg,malignant,1259.0625,2008.0,1103.671875,1672.0,0.9806375526712392,0.9691200442899763,0.9830272218035863,0.9742872081936456,4.9375,7.874509803921569,4.328125,6.55686274509804,0.7884885174688236,0.8307992507299389,0.7789529333470354,0.8125198582151814,0.48121536976463375,0.47020628939184517,0.48351824380947234,0.475081099763333,0.6936968860854384,0.685715895536807,0.6953547611180011,0.6892612710455542,0.961258765446398,0.9382226913255175,0.9660401203438362,0.9485599302272238
98.jpg,malignant,521.953125,818.0,390.46875,610.0,0.9919731626580137,0.9874204164488051,0.9939951903853843,0.9906191369606004,2.046875,3.207843137254902,1.53125,2.392156862745098,0.43489491496994925,0.45488893286060295,0.42567538647110015,0.4417596569704224,0.7619833609857086,0.7567606631643315,0.7639770465573636,0.7598891853767538,0.8729165830626135,0.8699199176730761,0.8740578050434443,0.8717162298459021,0.9651083791860096,0.9454991060904382,0.9738978714521292,0.9593575241016713
99.jpg,malignant,153.3984375,248.0,177.3046875,258.0,0.997640967651401,0.9961861409282441,0.9972733262464245,0.9960323562882539,0.6015625,0.9725490196078431,0.6953125,1.011764705882353,0.22006761813172127,0.22789315889471468,0.22196234716073887,0.22861941278905493,0.8984387329054632,0.8966253879522574,0.8980729556202842,0.8964727976596705,0.9478600808692511,0.9469030509784291,0.9476671122394636,0.9468224742049961,0.9762209272728546,0.9616981318572699,0.9725150977569358,0.9601537016902242
