Contrast_0,Correlation_0,Energy_0,Homogeneity_0,Dissimilarity_0,ASM_0,Contrast_45,Correlation_45,Energy_45,Homogeneity_45,Dissimilarity_45,ASM_45,Contrast_90,Correlation_90,Energy_90,Homogeneity_90,Dissimilarity_90,ASM_90,Contrast_135,Correlation_135,Energy_135,Homogeneity_135,Dissimilarity_135,ASM_135,tahap,File,Label
21.143780637254903,0.9915164567483243,0.05591519246770881,0.3735254462452923,2.7050551470588236,0.0031265087487009203,32.608181468665904,0.9869559388390154,0.04980504759398869,0.31333300855026247,3.4178392925797776,0.0024805427658394783,14.160814950980392,0.9943175955701024,0.058171459602984935,0.39360756306769357,2.3535539215686274,0.003383918712341708,29.466958861976167,0.9882124506559005,0.05046182369206244,0.3181824778658546,3.3104344482891204,0.0025463956503287938,P0,100.jpg,Benign
6.494439338235294,0.9956007974689088,0.05596548431400244,0.4305883593397185,1.8091758578431372,0.003132135434500853,11.426805074971165,0.992271780843581,0.0479844043352266,0.3479197517740293,2.4454901960784317,0.002302503059406513,5.501807598039216,0.9962674676637902,0.057079612985748436,0.4457537599873029,1.6869485294117648,0.0032580822186028214,8.500745866974242,0.9942507236077937,0.05330138236143005,0.3991060246847507,2.0608842752787386,0.002841037361639366,P0,101.jpg,Benign
4.533333333333332,0.9972600705686465,0.07865080710514852,0.4825649335448424,1.5026960784313723,0.0061859494582912795,9.150019223375626,0.994486187219352,0.06770803472266597,0.390949066331371,2.1216147635524796,0.00458437796600574,6.092892156862746,0.996315185268543,0.07517959112445821,0.4525418904912133,1.6979166666666667,0.005651970921640716,9.780653594771241,0.9941061768417909,0.06702254433530506,0.38427323367444366,2.1746866589773166,0.004492021449177932,P0,102.jpg,Benign
6.791360294117648,0.9957983839117962,0.08022818789547236,0.46391114244406617,1.7212316176470588,0.006436562132991216,14.182514417531719,0.9912498498360116,0.07287448630386019,0.406476374578878,2.2608842752787393,0.005310690754051507,9.277879901960784,0.9942560250930874,0.08693607943677602,0.5177516950986337,1.5652879901960781,0.007557881907837431,14.127996924259904,0.9912834796830758,0.07504898178568635,0.4216595562612084,2.1498654363706264,0.005632349667068281,P0,103.jpg,Benign
7.9628829656862745,0.9927347427889887,0.03838979156114119,0.37963946406410237,2.0996783088235293,0.0014737760961078673,11.262683583237216,0.9897023237123245,0.035392132169192764,0.3355252822107265,2.5047904652056903,0.0012526030194816092,7.203170955882354,0.9934134302835045,0.03977603666267657,0.39752506210430577,1.9802236519607848,0.0015821330925905907,14.2721414840446,0.986950777450881,0.0336141808482,0.3082672380400352,2.8151633986928104,0.0011299131540954954,P0,104.jpg,Benign
12.350490196078432,0.9904169870384959,0.04054590094258885,0.3414657050840463,2.526194852941176,0.0016439700832462276,17.706066897347178,0.9862915796679179,0.03649619015167793,0.29274738990284266,3.08479815455594,0.0013319718955874334,9.966161151960785,0.9922690964418718,0.04422789119671438,0.3909110713585089,2.107797181372549,0.0019561063597084054,20.807412533640907,0.9838907762161876,0.03678993713963704,0.29353829977951973,3.1339331026528257,0.0013534994747384447,P0,106.jpg,Benign
7.418229166666667,0.9800640443480001,0.05591277405612268,0.3969771876933222,1.9739583333333335,0.0031262383026510253,10.48665897731642,0.9718207932157377,0.05047939495769091,0.3428503649983888,2.399430988081508,0.0025481693152945503,5.923253676470587,0.9840504678308297,0.05844220799539711,0.4259902271399374,1.76859681372549,0.0034154916753772573,10.747128027681661,0.9711207227522936,0.05130474972191809,0.3482996010144639,2.3805920799692433,0.002632177344028655,P0,107.jpg,Benign
12.911994485294118,0.9506757492808662,0.05265067632540923,0.3631383877452391,2.430254289215686,0.002772093717523008,19.99609381007305,0.9230314944778509,0.04772182118304493,0.3138227179003785,3.016716647443291,0.002277372217026516,12.070603553921568,0.9536403174687462,0.054332512229556186,0.3815087191911093,2.297748161764706,0.0029520218851748726,21.520292195309494,0.9171639462026507,0.046747700648402835,0.3030044526968794,3.1271818531334103,0.002185347515912683,P0,108.jpg,Benign
14.131127450980394,0.9901999759822454,0.039932889684414455,0.30782629084401375,2.7671568627450984,0.0015946356785476144,18.826020761245676,0.9867894362576981,0.03714706721912555,0.2780407722626163,3.1822222222222223,0.001379904602982232,8.471951593137256,0.9942102949593176,0.043736810100231546,0.3670073106673756,2.1582567401960784,0.0019129085577437163,20.744836601307192,0.9854411176211629,0.0358982387300318,0.2640345214800011,3.3706266820453674,0.0012886835439183551,P0,12.jpg,Benign
103.6554993872549,0.9392538767844278,0.025691432243774102,0.2608696789260488,5.710860906862745,0.0006600496907364355,192.64346020761246,0.8870285299597643,0.022620986359370706,0.21235038958014055,7.944529027297193,0.0005117090238708355,62.42958026960784,0.9634658593551747,0.0274303091313805,0.2950219990218317,4.442417279411765,0.0007524218590430965,102.7290734332949,0.9397565811612756,0.02339779700801135,0.22571703903198653,6.016178392925799,0.0005474569048281049,P0,13.jpg,Benign
11.32954963235294,0.9917592436995541,0.05052321607152942,0.461070260281385,1.9044577205882356,0.0025525953622104482,24.403860053825454,0.9822681106508017,0.043693280657620764,0.3772589654618197,2.711403306420608,0.001909102774625617,16.694347426470593,0.9878583847111181,0.049248499814756284,0.4354222746035469,2.1782322303921573,0.00242541473400405,27.114617454825066,0.9802982460302533,0.04331223091985873,0.3673689700182234,2.8805228758169936,0.0018759493472551667,P0,14.jpg,Benign
6.486289828431372,0.9973723005028178,0.062056903680025255,0.42687452372246243,1.8270986519607844,0.003851059294351932,9.301883890811226,0.9962410808284614,0.057614661011298855,0.3805668943142811,2.1832372164552094,0.0033194491634468805,4.450474877450981,0.9981958019537419,0.06902890365477621,0.4872005742351138,1.475382965686275,0.004764989539780376,9.720999615532488,0.9960716814315843,0.05729386212427505,0.3774813731843795,2.2161937716262976,0.003282586637115439,P0,17.jpg,Benign
5.146522671568627,0.9965239857965523,0.06691284134983666,0.4776104486745128,1.5526807598039218,0.00447732833750841,8.83750865051903,0.994047217551503,0.05949738294113,0.4040180087033708,2.054025374855825,0.003539938576843467,4.508792892156863,0.9969539520422859,0.06959531640263059,0.5014425335549384,1.436734068627451,0.004843508065182262,7.864529027297195,0.9947026287051106,0.06067347971193743,0.42285920664511834,1.9131564782775858,0.003681271140354883,P0,19.jpg,Benign
5.847472426470588,0.9829553812873998,0.090014540544592,0.5109882790612706,1.4660386029411767,0.008102617509453998,16.77396386005383,0.9511750636724109,0.07921868522854661,0.4325621364052093,2.0439984621299505,0.00627560008933955,8.33250612745098,0.9756771729763544,0.09366667419049506,0.5416764021058503,1.3800857843137255,0.008773445853908352,6.970211457131873,0.9797114454198101,0.0855718842346457,0.48051076790363595,1.6265436370626685,0.007322547371467606,P0,20.jpg,Benign
4.875827205882353,0.9973238484002341,0.04613351088205608,0.4732115749128373,1.5588235294117647,0.0021283008263047864,8.057654748173778,0.9955752504143713,0.04069668799607938,0.3987577835173102,2.0403383314109957,0.0016562204138502316,5.28157169117647,0.9970930962037649,0.04413603887558323,0.44831976346439817,1.6698682598039216,0.0019479899276269943,9.539407920030758,0.9947615403812579,0.03865619384149253,0.36780034200766026,2.2608535178777394,0.0014943013223110446,P0,21.jpg,Benign
16.602787990196077,0.9941685896527863,0.04423589944034081,0.3663940365102541,2.6806985294117647,0.001956814799295944,26.672079969242596,0.9906522664700363,0.03866588989472727,0.30250579963340213,3.4639907727796997,0.0014950510413511725,10.968811274509804,0.9961453453622419,0.04708211609076945,0.4065979629168918,2.2246936274509803,0.0022167256555846913,23.655578623606303,0.9917094773209318,0.04047126886387962,0.32595448822603484,3.2213148788927333,0.0016379236034524318,P0,22.jpg,Benign
3.9082107843137255,0.9953122511114101,0.06297793476762632,0.49432799602357436,1.4191176470588234,0.003966220267595396,6.1722722029988475,0.9926052556876415,0.05677640857982508,0.429892005709275,1.7933410226835833,0.003223560571223235,2.908547794117647,0.9965047900903745,0.06720487964436574,0.5388831041081987,1.2106617647058824,0.004516495848013684,5.326459054209919,0.9936186076633359,0.058596551179173055,0.45058469476386676,1.6602076124567477,0.0034335558100934468,P0,23.jpg,Benign
14.125827205882352,0.996123049082152,0.03847150913280093,0.29563337973016807,2.870986519607843,0.0014800570149551854,25.853440984236833,0.9929200611175848,0.035407920832288,0.24376908757295424,3.778669742406767,0.0012537208576655742,13.059895833333336,0.9964137685499379,0.04123472479370436,0.31837957370462333,2.695526960784314,0.0017003025288125368,22.832402921953097,0.9937473084583548,0.034231201374665426,0.2444272288028719,3.659469434832757,0.001171775147552896,P0,24.jpg,Benign
14.115870098039215,0.9976943787012283,0.03050716290997739,0.3294166820707679,2.7177696078431373,0.0009306869888159,16.57050365244137,0.9972949834337871,0.02926030462196992,0.3094254869809418,2.9476509034986544,0.0008561654265704744,9.89296875,0.9983834296701967,0.03257827665888477,0.3690382911604948,2.2840226715686276,0.0010613441100628363,24.12716647443291,0.9960614245520304,0.027019556189053148,0.26922632067275853,3.5771011149557865,0.0007300564166534003,P0,25.jpg,Benign
9.450980392156863,0.988590869143782,0.0575844861358807,0.37970779293205315,2.200704656862745,0.0033159730435334367,13.217593233371781,0.9840755115083838,0.053120632796100874,0.33508760462557496,2.612318339100346,0.0028218016286581877,6.017386642156865,0.992730084516441,0.06279320181874944,0.4347993029059165,1.7639552696078433,0.003942986194650197,13.669480968858132,0.9835311376542115,0.05218070924327154,0.328167697274803,2.6772779700115343,0.002722826417130844,P0,26.jpg,Benign
35.87670036764706,0.9693033161156258,0.046807379057931406,0.3964257909831504,3.3057751225490195,0.002190930734272876,116.47349480968859,0.9003506999187847,0.041125920312693985,0.32336238375539295,5.736701268742792,0.0016913413215660555,58.24450061274509,0.9501159398548029,0.046913393482292856,0.38743059283602704,4.101976102941176,0.002200866488024438,43.18186851211073,0.9630552629934588,0.042431499882529006,0.3465518942163172,3.741376393694733,0.0018004321822810588,P0,27.jpg,Benign
12.648927696078434,0.983865165167712,0.0410602443024967,0.39351172854610894,2.3251225490196084,0.0016859436621807122,16.322722029988466,0.9791366603121251,0.03824948855949661,0.3541169929123351,2.6663129565551706,0.0014630233750630617,6.329304534313725,0.9919014670326545,0.04847174406679646,0.4856374795539098,1.6182138480392156,0.002349509972877018,16.56116878123799,0.9788317135148042,0.038521129131946566,0.3599193338774224,2.669281045751634,0.0014838773896001022,P0,28.jpg,Benign
4.793535539215687,0.9934134849974974,0.07281327630466,0.4546454895140099,1.5979166666666667,0.005301773206218762,7.092641291810843,0.9902764763406514,0.06780536804904747,0.4100462207938832,1.9106036139946174,0.004597567936266787,3.6975643382352943,0.9949139622181172,0.08175669940096762,0.5268322678070734,1.2858609068627451,0.00668415789694018,7.665590157631682,0.9894910277193308,0.06684403873700548,0.40238265093461584,1.9653825451749327,0.004468125514674288,P0,29.jpg,Benign
10.565257352941176,0.9754112916362006,0.048215864766324994,0.40257339024778493,2.1293198529411765,0.00232476961516454,16.333010380622838,0.9619313077779581,0.042817780763025004,0.339119266506721,2.7201537870049983,0.0018333623494704739,12.198973651960785,0.9715649476283681,0.04922613700035579,0.4161197629271012,2.177098651960784,0.002423212563977797,22.509111880046138,0.9475352364171876,0.042182732644268396,0.3312839433077269,2.9783467896962703,0.0017793829333378269,P0,3.jpg,Benign
10.279396446078431,0.9955925548738414,0.0443471949708645,0.40947466338191774,2.14140625,0.0019666737017838692,14.217808535178783,0.9938660319816349,0.040341975113133144,0.3595507708375549,2.5326412918108425,0.0016274749560286537,5.489169730392156,0.9976664959011138,0.04882882845033459,0.47244354948167483,1.593734681372549,0.0023842544878322045,14.077185697808536,0.9939262191674902,0.04150155395059455,0.3798378631114321,2.430311418685121,0.0017223789803141104,P0,30.jpg,Benign
26.308455882352945,0.9906569029014605,0.0298155804516549,0.3196974238776815,3.182444852941177,0.0008889688376691058,51.31623221837755,0.9815910392241711,0.026155109836844513,0.23796792084895765,4.347743175701654,0.0006840897705774005,25.000444240196074,0.9910619514602578,0.032504259492100694,0.3406906826620193,2.946216299019608,0.0010565268851298179,36.37800845828528,0.9869488480567405,0.02752606103842345,0.28246051211001666,3.843537101114956,0.0007576840362910134,P0,32.jpg,Benign
8.568627450980394,0.993767418413779,0.03964015051123779,0.3620051121569175,2.196017156862746,0.0015713415325535856,14.618116109188774,0.989257838173105,0.03466060921353456,0.3003083217286081,2.8625451749327184,0.0012013578310533567,8.251746323529412,0.99408519795599,0.03991965538021315,0.3811174669294162,2.0840073529411764,0.0015935788856749808,14.566551326412918,0.9892952729955309,0.034932893365977075,0.30336642199687547,2.828143021914648,0.0012203070389187253,P0,33.jpg,Benign
6.357261029411765,0.994432923450968,0.0630784575667656,0.4305632523397718,1.8068321078431369,0.003978891809002247,7.818039215686275,0.9931700254913083,0.0597635118861959,0.39806421146137033,2.0128565936178395,0.0035716773529714785,4.217233455882353,0.9963036791367118,0.06853119754494974,0.4873549070622824,1.4565410539215686,0.004696525036944925,10.037231833910035,0.9912312924873736,0.05651251648399906,0.37045385243269013,2.274832756632065,0.003193664519354266,P0,34.jpg,Benign
38.56398590686274,0.9594405647749628,0.035860290120732045,0.3588895061883408,3.4597579656862743,0.0012859604075430725,33.794663590926575,0.9644604387359522,0.03472344556565369,0.3432842344959504,3.396478277585544,0.0012057176719509149,9.371568627450984,0.9901618592848469,0.04351095617308852,0.46383240160892064,1.8984375000000004,0.0018932033070964299,53.6079661668589,0.9436247562703247,0.032138875446240445,0.30790386888715054,4.215793925413302,0.0010329073149489571,P0,35.jpg,Benign
5.781954656862746,0.9940584727435801,0.07409852312378108,0.4600801952581385,1.6630208333333338,0.005490591129125519,7.847843137254902,0.991958084457321,0.06853614112564678,0.4159360389037818,1.947773933102653,0.004697202640394573,3.3129289215686275,0.9965928736843137,0.08121003798490815,0.5263788526061118,1.2751225490196079,0.006595070269510225,7.647181853133409,0.9921637137756437,0.0687781729223158,0.4171568799931366,1.9323644752018452,0.004730437070531975,P0,36.jpg,Benign
4.775597426470588,0.9974981139158009,0.08466222902860694,0.4960156208429114,1.491314338235294,0.007167693024092297,8.42892733564014,0.9955961447610832,0.07475355043588933,0.41925818257728187,1.9906343713956172,0.005588093302771049,5.893872549019608,0.9969103732475091,0.08024420091895017,0.4696802276617995,1.6480698529411766,0.006439131781120843,10.313094963475587,0.9946117238006802,0.07161436632813889,0.39543244129320343,2.1921568627450982,0.005128617464580874,P0,38.jpg,Benign
13.094316789215686,0.9929150286153425,0.05165313633239472,0.35466196645964604,2.498667279411765,0.0026680464929729553,18.947558631295657,0.9897643637132161,0.047292682194882536,0.3104331307393154,3.0111341791618607,0.00223659778918616,8.595894607843139,0.9953458920451288,0.05715833982072303,0.41168425721317486,1.9936887254901965,0.0032670758110612515,18.69353325643983,0.9899016282113058,0.048317531196646925,0.31703529567685446,2.964352172241446,0.0023345838209389486,P0,39.jpg,Benign
5.19782475490196,0.9981995530597207,0.06497185408723084,0.48425623645956695,1.559283088235294,0.004221341823532416,6.138162245290273,0.9978785352278439,0.06313388024428808,0.4682740051272142,1.6718185313341025,0.003985886834700108,3.61968443627451,0.9987458546566625,0.07000861626470116,0.5308291633373577,1.3042126225490196,0.00490120635129818,9.230818915801615,0.9968096599221893,0.05793845253695362,0.40637963216108686,2.0977162629757786,0.003356864282376828,P0,4.jpg,Benign
4.236488970588236,0.9953530324188348,0.07209199648361603,0.473572432413093,1.506280637254902,0.005197255956993705,5.903683198769704,0.9935350514634714,0.06615542039416408,0.426293588625092,1.7870818915801618,0.004376539647528581,3.2441789215686274,0.9964380701469201,0.07583654966940523,0.5144901665269843,1.302726715686275,0.005751182265760166,6.9760246059208,0.9923607147095138,0.06453700936063683,0.4054968522115529,1.9401768550557477,0.004165025577214926,P0,40.jpg,Benign
21.595189950980398,0.994700646882706,0.05266760213688162,0.34220766667178615,3.011182598039216,0.0027738763148488573,33.15080353710112,0.9918844114771106,0.047840109369291645,0.29554365946645567,3.716216839677047,0.002288676064465786,14.119117647058822,0.9965339443631133,0.05810639201872988,0.39705616555989,2.379779411764706,0.003376352793434315,30.392326028450597,0.9925597213403514,0.04885057225003526,0.3058720232875426,3.5482814302191468,0.0023863784091559146,P0,41.jpg,Benign
6.708103553921569,0.9909035437082443,0.0425839493450767,0.39182113336823227,1.951761642156863,0.0018133927418240584,12.712341407151097,0.9827206104070416,0.036226104893607135,0.30969370847521155,2.705759323337178,0.0013123306757626269,7.211213235294117,0.9903357220284644,0.04218330580273139,0.3990242153700284,1.9655330882352944,0.0017794312884467519,11.18648212226067,0.9847945959667094,0.037901956320835296,0.33313480791560734,2.4913648596693583,0.0014365582929465066,P0,42.jpg,Benign
8.188036151960786,0.9942165802259803,0.048431722469084754,0.4051548840841083,1.9657015931372555,0.002345631741322449,13.32722798923491,0.9904784198846193,0.0432054853873033,0.35171610648722484,2.4558708189158014,0.0018667139675524794,5.303293504901959,0.996312828952557,0.05186994588238051,0.45900960189596757,1.5955729166666668,0.0026904912858410827,10.237001153402542,0.9926852478189292,0.04525292309941001,0.3701380044835586,2.2290349865436374,0.0020478270490411157,P0,43.jpg,Benign
6.234405637254902,0.9876652800147481,0.06348832359787235,0.4898977758794884,1.5115502450980391,0.004030767233268154,9.0480891964629,0.9820679887928382,0.05901836546728622,0.44531614235911676,1.774640522875817,0.003483167462430163,4.141344975490195,0.9918368094807697,0.0684236997058448,0.5440430105275192,1.2590226715686275,0.0046818026814356255,8.094763552479815,0.9839571867798735,0.05753366091496291,0.4313738965896837,1.879277201076509,0.003310122138277931,P0,46.jpg,Benign
5.754120710784315,0.9921672950394261,0.06281064947626844,0.48038364052659965,1.6030177696078431,0.00394517768763066,8.75277201076509,0.9881052255151702,0.057269388656671534,0.42544863921327264,1.9797154940407535,0.0032797828771088983,4.785447303921569,0.9934806014594185,0.06612338461286277,0.5115478069107506,1.441053921568628,0.0043723019926605764,9.19137254901961,0.9875092866912374,0.05722193442301872,0.4212916831590122,2.019700115340254,0.0032743497791122545,P0,47.jpg,Benign
21.89499080882353,0.9932772817850378,0.021987553904652044,0.2745599492973891,3.411044730392157,0.00048345252670997933,31.703836985774707,0.9902268373625269,0.02003665858771508,0.23417381029401074,4.126320645905421,0.0004014676873606564,15.160171568627451,0.9953412452483087,0.02384087849282338,0.30956121387719193,2.8551776960784316,0.0005683874873095684,32.96759707804691,0.9898370089432558,0.01964245085735271,0.22516795001169604,4.256608996539793,0.0003858258756835162,P0,48.jpg,Benign
5.235860906862744,0.9979260546880138,0.073309091035129,0.5075861536839028,1.4345128676470589,0.005374222828396831,9.160246059207998,0.9963824339095569,0.06766056912025617,0.4484366080686554,1.872556708958093,0.004577952613676963,4.186887254901961,0.9983409036834275,0.0765730473039847,0.5313484032090507,1.335386029411765,0.0058634315734182796,6.952310649750095,0.997254400418011,0.06588423845631422,0.4455985160415032,1.7689811610918877,0.0043407328769684735,P0,49.jpg,Benign
11.701026348039218,0.996170061817443,0.08645203764763519,0.5629692841511965,1.4783547794117649,0.007473954813428132,9.977131872356786,0.9967452339880315,0.08041122205782006,0.5215631968548343,1.6420299884659744,0.006465964632832047,9.976256127450982,0.9967341953778633,0.09248377015153034,0.6178481359618756,1.186121323529412,0.008553247741441094,24.70263744713572,0.9919414539754565,0.0791548168554066,0.5087943426320973,1.8883352556708959,0.006265485031412961,P0,50.jpg,Benign
9.734558823529415,0.9809436636682776,0.06135469343823904,0.35921607480172174,2.2557598039215687,0.003764398406900292,13.534917339484814,0.9735829564725699,0.05684885942030897,0.32082393447048013,2.654917339484814,0.003231792817390052,6.046966911764708,0.9881801798371675,0.06888047789499804,0.4275633408026089,1.7662990196078434,0.004744520235043314,13.798262206843523,0.9730686153577968,0.05658149118694243,0.3179135702490028,2.690934256055364,0.0032014651449380443,P0,51.jpg,Benign
7.146262254901961,0.990785714134019,0.06523732687606927,0.41982011659820817,1.8785232843137254,0.0042559088179351095,13.2959477124183,0.9828571190443822,0.05736698592293618,0.34459685822561387,2.531134179161861,0.003290971073882358,6.914430147058823,0.9911085450432224,0.06861825833340991,0.4482713910404564,1.7522058823529412,0.00470846537671058,11.507758554402153,0.9851636074481328,0.06051072511128248,0.3757778228630759,2.3087735486351404,0.003661547853493192,P0,52.jpg,Benign
8.996568627450982,0.9904376147050176,0.05858407543800815,0.3619112375581334,2.2384803921568626,0.00343209389492623,14.114448289119572,0.985045844634536,0.05246610746889197,0.3049227984077184,2.8159015763168016,0.002752692432937322,5.756357230392156,0.9938795281011001,0.06546207398829962,0.4273438955384494,1.7645986519607844,0.004285283130849613,12.059792387543254,0.9872228036005593,0.05506146080900524,0.3292431905921905,2.578362168396771,0.00303176446642162,P0,53.jpg,Benign
7.288235294117649,0.9722405973123803,0.06518155003149928,0.4244412892201681,1.871476715686275,0.004248634464508844,10.212410611303346,0.9609789795848004,0.05896571408112005,0.36712790284677327,2.277185697808535,0.0034769554370963998,5.1121783088235295,0.9805731794635367,0.06904231913275564,0.4648240901180827,1.5886488970588237,0.0047668418312292755,9.793002691272587,0.9625797875322263,0.06085756354240325,0.38454181811229093,2.1726412918108418,0.003703643040317649,P0,55.jpg,Benign
10.124877450980392,0.9963658904546914,0.10297924887088311,0.6158946731039873,1.4456801470588234,0.010604725698011281,24.97082660515187,0.9910689871487269,0.09313050572502336,0.5530868254351707,2.035371011149558,0.00867329109659861,13.316681985294121,0.9952195974238465,0.10537232650341065,0.6328618397097235,1.4164062500000003,0.011103327192741378,17.28688965782392,0.9938172031331962,0.09462160373377759,0.5636783924687188,1.8387081891580164,0.008953247893152032,P0,56.jpg,Benign
4.497426470588236,0.9955900536214842,0.057256269292619344,0.4539964999358387,1.5780637254901964,0.0032782803733089447,6.739777008842752,0.9934074446349275,0.05318791323086589,0.4045255295979343,1.9167089580930412,0.0028289541138541187,4.776118259803923,0.995314142323137,0.057297893104628586,0.4496012050290209,1.6156709558823532,0.0032830485542294442,8.939546328335256,0.991255765002981,0.04862198641970871,0.35935731047412095,2.2433217993079584,0.0023640975633983383,P0,58.jpg,Benign
66.12769607843137,0.9596094769609439,0.05907415814617155,0.4653864925790197,3.233823529411765,0.003489756160678886,135.9029142637447,0.9170955224662413,0.05406883295887412,0.4106336603734124,4.702791234140715,0.0029234386975346325,48.766222426470605,0.9701987014908274,0.0641921284673855,0.5071161263128349,2.7883118872549026,0.0041206293571733246,59.025482506728196,0.9639905479857702,0.054641277089176904,0.4175161326967748,3.3017454825067287,0.0029856691619362086,P0,59.jpg,Benign
8.603232230392155,0.9884835557223295,0.058762270875501316,0.4153968600633738,1.975750612745098,0.00345300447844579,11.265544021530182,0.9849565975483213,0.053604432254795505,0.36585744252284863,2.3621068819684736,0.0028734351573589606,7.18126531862745,0.9903836840105389,0.06490333969199782,0.4725825100635895,1.6343903186274509,0.004212443503174861,14.83613994617455,0.980189278108194,0.053999421168731514,0.36814894349302807,2.4246674356016915,0.002915937486558049,P0,6.jpg,Benign
6.3586397058823545,0.991371284205243,0.07208308533625611,0.4162534321912261,1.83311887254902,0.00519597119159398,10.726136101499426,0.985485760196433,0.06451339289550512,0.3521102740365241,2.3462514417531724,0.004161977862889811,5.708655024509803,0.9922487547040506,0.0749938876310886,0.43823855010672647,1.6965533088235292,0.005624083182024342,10.308758169934642,0.9860506207411546,0.06430604579415779,0.34843568583217455,2.35123414071511,0.0041352675256803185,P0,60.jpg,Benign
2.8200520833333336,0.9928389410316298,0.10228495839918791,0.5829578728957726,1.1053155637254903,0.010462212714723603,4.331626297577855,0.9890195820907431,0.09386955337585515,0.5258035999611548,1.3763629373317954,0.008811493050982519,2.0569852941176467,0.99476782357599,0.109489475260945,0.6275265221271138,0.9262867647058822,0.011987945192917087,3.7001307189542487,0.9906203531425901,0.09679738004715144,0.5474400168214794,1.2624529027297193,0.009369732783992672,P0,62.jpg,Benign
9.45966605392157,0.9975707396523191,0.05000196406852858,0.47664455560207286,1.7744332107843137,0.0025001964107104237,12.894071510957325,0.9966931427837998,0.04572870363830865,0.4309964086056838,2.1145251826220686,0.0020911143364402626,6.782674632352943,0.9982587818388596,0.05253710604181277,0.5145144869495979,1.5168351715686277,0.00276014751124868,16.58312956555171,0.9957472416175666,0.045002845805585376,0.41635954775063844,2.3174163783160324,0.0020252561306012933,P0,64.jpg,Benign
11.062408088235294,0.9952278435598637,0.04763614221365138,0.43849140248006624,2.0118566176470587,0.002269202044999219,14.625251826220683,0.9937014663119002,0.0429696399733692,0.3813477264958412,2.381499423298731,0.0018463899594409687,8.042723651960785,0.9965563508441275,0.050692315998269816,0.4778212683694865,1.7003829656862743,0.002569710901268442,19.511141868512112,0.9915973356365464,0.04308315840765366,0.3759803734395449,2.6240369088812,0.001856158538378978,P0,65.jpg,Benign
5.780882352941177,0.997498195106403,0.07816497064175985,0.48129353758485616,1.6104779411764705,0.006109762635427179,9.899438677431757,0.9957278784189062,0.07198298652192002,0.4222313627041767,2.076632064590542,0.005181550348614919,5.643167892156862,0.9975572758074822,0.08229780158820064,0.50104693295665,1.5462316176470587,0.0067729281462508405,9.7920799692426,0.9957741990181274,0.07088717952649487,0.41661365172599824,2.0911341791618607,0.005024992221221513,P0,66.jpg,Benign
3.802466299019608,0.9943871715425122,0.08650951982492583,0.5290349635335058,1.3163449754901961,0.007483897020339235,5.66160707420223,0.9916639535519883,0.07808598669609224,0.46620326801000694,1.6415224913494808,0.006097421318302295,2.677542892156863,0.9960435680894416,0.09131942888369617,0.5682621684697766,1.1186580882352941,0.008339238091644443,5.2960861207228,0.9922021463203369,0.08141795882883551,0.48743764906769166,1.5430988081507113,0.006628884019853955,P0,67.jpg,Benign
5.067601102941177,0.9958221133248039,0.05689518785180116,0.46367034950914615,1.594561887254902,0.0032370624006917417,7.4881507112648995,0.9938278681992782,0.05254273970908048,0.4106775658328213,1.9419454056132257,0.0027607394961361824,3.9778645833333335,0.9967147782040311,0.06219671845435153,0.5063044910073556,1.3966452205882351,0.003868431786489872,7.83284890426759,0.9935437761758409,0.052657498053193925,0.40688862215674126,1.9888811995386386,0.002772812101222122,P0,68.jpg,Benign
105.38776041666667,0.919752309903691,0.04067370073775502,0.3107559975984577,5.3565104166666675,0.0016543499317044528,154.55832372164554,0.8825237506775478,0.03695359171984335,0.268974512642962,6.508435217224145,0.001365567940996875,95.76096813725489,0.9271787780307167,0.042039661506698064,0.3254661669310684,4.957107843137255,0.0017673331395977507,194.28213763936952,0.8523305377520434,0.036094242534979976,0.2578459980723739,7.170319108035372,0.0013027943441739575,P0,69.jpg,Benign
4.303676470588235,0.9934865875367741,0.07560534068050635,0.4707640810581832,1.5021139705882351,0.005716167539415429,5.902083813917724,0.9910961758747455,0.07034830426831169,0.427323293321391,1.7588465974625145,0.004948883913426962,3.0811580882352945,0.9953356634215644,0.08134221034757429,0.5184108620955403,1.2719975490196078,0.006616555184229022,6.657270280661283,0.9899568816696893,0.06826501823814732,0.4078915497072116,1.8817224144559785,0.004660112715054586,P0,7.jpg,Benign
6.614950980392157,0.9758950781700886,0.06140327023569507,0.4104079400296784,1.8745098039215689,0.003770361595637796,10.19924644367551,0.9628158315708096,0.05554949473983333,0.35191790800717065,2.346728181468666,0.003085746365850771,3.6368259803921568,0.9867224286915901,0.07003700175554509,0.4866221881389168,1.403186274509804,0.004905181614906226,7.621038062283736,0.97221452206946,0.058166609269948544,0.3795029229776885,2.0594232987312577,0.0033833544339628638,P0,70.jpg,Benign
5.453033088235294,0.9949616239825274,0.0628028211424187,0.47030751302312523,1.5965379901960783,0.003944194343446632,9.369888504421375,0.9913517173347264,0.05435486442640813,0.383190866983672,2.1580161476355246,0.002954451286813208,5.036305147058824,0.9953406461819829,0.06287854999751541,0.474149810356947,1.5595588235294118,0.003953712049790044,8.566013071895426,0.9920936829112575,0.05770703829646419,0.4161490604097259,1.984913494809689,0.0033301022689495845,P0,72.jpg,Benign
9.627527573529411,0.9878935615714841,0.06539162586890446,0.42503269745024735,2.0451133578431375,0.004276064733778775,14.458285274894276,0.9818791909032346,0.059850342062295454,0.37628715681374,2.5082660515186475,0.003582063444973772,7.527374387254902,0.9905378621191115,0.06949469201390289,0.46617442692281147,1.764782475490196,0.004829512218107218,16.171195693963863,0.9797320644955178,0.0585241120112871,0.36367205951398957,2.6324644367550945,0.0034250716867096787,P0,73.jpg,Benign
8.296660539215686,0.9962195550835594,0.05648544934599253,0.3799804489166521,2.111948529411765,0.003190605987818688,12.401707035755479,0.9943637590404681,0.051949538239834,0.3290301177710535,2.581176470588235,0.0026987545233319752,8.116789215686275,0.9962986340763307,0.05683392354632183,0.38177402426487705,2.0944852941176473,0.003230094865669155,14.77923875432526,0.9932832357868581,0.04960790973295463,0.3048514662829978,2.838969627066513,0.0024609447080729753,P0,75.jpg,Benign
4.068566176470588,0.9977749766160936,0.0864634147396866,0.5215970266872606,1.3510416666666667,0.007475922088447055,8.641783929257977,0.9952886094188615,0.07202957875603508,0.4072170937036324,2.0276509034986545,0.00518826021577186,6.0279564950980395,0.9967016330786718,0.0786832005345956,0.46026163121880737,1.68374693627451,0.006191046046367385,9.273125720876585,0.9949444091267305,0.07226307689255627,0.4072570773766675,2.067589388696655,0.005221952281979501,P0,76.jpg,Benign
6.49266237745098,0.9874552792489241,0.07816366395963747,0.4485069025653704,1.7305606617647058,0.006109558363595131,8.017347174163781,0.9845614537637619,0.07407603159536816,0.4165234554035616,1.9414686658977314,0.005487258456917981,2.9052542892156863,0.994386157179618,0.0926068184247121,0.5574908330364358,1.1543045343137253,0.008576022818747597,8.590926566705113,0.9834570308122064,0.07394027783196493,0.41359806932503973,1.9765782391387923,0.005467164685868164,P0,77.jpg,Benign
12.366727941176471,0.9835801147232596,0.04716324533999517,0.34442490543015075,2.5134497549019605,0.0022243717110005763,18.43303344867359,0.975546089680637,0.04340684597111874,0.30023203221501094,3.0525797770088428,0.001884154277160427,8.87875306372549,0.9881933819364138,0.051792983946034786,0.39620617304228545,2.088802083333333,0.002682513186034217,17.932533640907344,0.9762100796780204,0.042947961171746964,0.2985626690353818,3.049457900807382,0.0018445273688098846,P0,78.jpg,Benign
18.72689950980392,0.997239170979927,0.05012314242563959,0.4164741970861004,2.6000306372549016,0.002512329406620951,30.015978469819302,0.9955788517380773,0.04566701552932745,0.3694290821655223,3.225882352941176,0.0020854763073558345,14.836458333333333,0.9978149211995824,0.05406069183175994,0.4677763292891997,2.1683517156862746,0.002922558401328516,29.547758554402158,0.9956478197294816,0.045711448206568236,0.3718533191890701,3.240922722029988,0.0020895364971417704,P0,79.jpg,Benign
5.809405637254901,0.9887907024026958,0.06477566162080098,0.43691006420064543,1.7318627450980393,0.004195886338412509,6.1116493656286055,0.9882326455240339,0.06383942627706488,0.42470804284202374,1.8018915801614763,0.004075472347384802,3.744776348039216,0.992775332376648,0.07095057917136166,0.49984929785403376,1.3866881127450978,0.005033984684751659,9.409965397923878,0.9818821554224296,0.05805735332119485,0.37919651901399054,2.1917570165321036,0.0033706562746620545,P0,80.jpg,Benign
30.923177083333336,0.9957359088411599,0.04673552816235866,0.3880691816688273,3.304610906862745,0.002184209592614619,51.31494040753556,0.9929388677271287,0.042192332964738594,0.34319667131560183,4.271741637831603,0.001780192961007367,25.106464460784313,0.9965363253310503,0.04734344056330904,0.40276663144305175,3.014522058823529,0.002241401364371576,40.73525567089582,0.9943946601649467,0.042065401391413335,0.33603925637404763,3.8583929257977707,0.0017694979942207186,P0,81.jpg,Benign
4.921997549019608,0.9837713931529686,0.08930160176452881,0.47842176788993324,1.521170343137255,0.007974776077710495,8.699992310649751,0.9713986482274242,0.08034613372080483,0.41507210317788334,1.9554786620530564,0.006455501203881452,3.8886948529411764,0.9871813567984191,0.09804828915963129,0.5355403265337122,1.2800245098039216,0.00961346700713067,6.089611687812381,0.9799803626103211,0.08486832048112308,0.4420128393948276,1.717785467128028,0.007202631821286615,P0,82.jpg,Benign
12.748498774509804,0.9933218776916902,0.04643982324077131,0.3548516606775543,2.4683823529411764,0.002156657182634083,15.837031910803539,0.9917288030992166,0.04543857431577848,0.3409541011974656,2.6717877739331026,0.002064664035850524,9.199111519607843,0.9951817558665589,0.05191982968391478,0.4161088249559444,2.0056985294117644,0.0026956687144067183,21.60193771626298,0.9887179833698723,0.041240188330957266,0.2930477917899227,3.1991695501730106,0.001700753133572824,P0,85.jpg,Benign
17.762254901960787,0.9900746262936189,0.03406805230880904,0.32926339088330253,2.8907781862745106,0.0011606321881157493,28.07474048442907,0.9843081225258157,0.02964420144485424,0.264236150887077,3.714632833525567,0.0008787786793030982,15.367907475490197,0.9914160096440695,0.03490220430553504,0.3426208451129982,2.684083946078432,0.0012181638653853085,26.162352941176472,0.9853769305733954,0.031618374479469046,0.29017553488939785,3.4891349480968863,0.0009997216047239394,P0,86.jpg,Benign
21.938618259803924,0.9863531662574637,0.052559359333965196,0.3911439935410185,2.578109681372549,0.002762486253596874,60.650765090349864,0.9623398929004235,0.04677428912853565,0.3238454905368377,3.8664821222606682,0.0021878341234798484,32.41023284313726,0.9798133488774653,0.05440119438686593,0.40925085359617197,2.780024509803922,0.0029594899507175733,31.470142252979624,0.980459111628763,0.04724676444361785,0.33716933526842674,3.1311341791618608,0.002232256750390712,P0,87.jpg,Benign
2.9794270833333334,0.9923784928698814,0.09922928883099474,0.5491811274070598,1.1820006127450982,0.00984645176190498,5.121676278354479,0.9869336577253288,0.08746517441770524,0.46904325362792404,1.5685198000768936,0.007650156735919599,3.005652573529412,0.9923065051830566,0.09798841050141387,0.5421555655204273,1.1983609068627452,0.009601728592593594,4.834571318723567,0.9876662885968517,0.08899362850122441,0.47900313201387273,1.5145866974240678,0.007919865913813943,P0,89.jpg,Benign
6.610202205882352,0.9789556338356719,0.06289982044812199,0.40551609164414437,1.9040441176470586,0.003956387412405986,7.769088811995388,0.9753111062913479,0.0604001031767311,0.3823629517545822,2.070972702806613,0.0036481724637597622,4.145435049019608,0.986805291956192,0.07007440953077122,0.4682965248316271,1.505453431372549,0.00491042287108624,10.3839138792772,0.9670012050022206,0.05613733367254834,0.3393174438774937,2.4260515186466742,0.0031514002318630296,P0,91.jpg,Benign
8.771507352941175,0.9917060112256607,0.068585468348173,0.4461163743229854,1.8307598039215685,0.004703966468538241,11.657977700884278,0.9890067932775779,0.06509802014217117,0.4152597713139365,2.0620684352172245,0.004237752226430524,5.492693014705884,0.9948050983687543,0.07608690858105241,0.5082822723711147,1.4520986519607848,0.005789217657421427,12.904513648596696,0.9878312909885643,0.06133675887579291,0.3799520069953269,2.3215686274509806,0.0037621979893871604,P0,92.jpg,Benign
11.43734681372549,0.9607976115578937,0.04768648497315565,0.34597301136335656,2.4239276960784313,0.0022740008490949996,17.44998077662438,0.9399206691799405,0.04284249547898944,0.2922699572968457,3.0117800845828535,0.0018354794188672303,9.649356617647058,0.966793549697668,0.049940546306123546,0.36884889691594924,2.217708333333333,0.0024940581653540702,16.164152249134954,0.9443484665321993,0.04351896448590502,0.29807026704399914,2.932871972318339,0.001893900269925462,P0,93.jpg,Benign
4.513970588235296,0.9845772710757907,0.0749780928215151,0.46390617334265233,1.5435661764705884,0.005621714403151734,6.390895809304115,0.9782022584590786,0.06783420061816729,0.4014636168692301,1.894317570165321,0.004601478773505768,4.413051470588236,0.9849035513677874,0.07442195819854058,0.46174964360404774,1.5456801470588237,0.005538627862105321,8.516309111880048,0.9709530110006646,0.06414567049997398,0.370571361905258,2.152387543252596,0.0041146670438912325,P0,94.jpg,Benign
5.532306985294118,0.9933254273932699,0.057559820616067896,0.44135489721420035,1.693979779411765,0.003313132949353915,8.960184544405998,0.9892104416075066,0.05016539056920651,0.3604932368608098,2.2332948865820836,0.002516566410961034,5.314767156862745,0.9935817627623141,0.055927251488386225,0.42700702840272936,1.7287071078431375,0.0031278574590451994,9.56,0.9884880872954668,0.049607651096805844,0.35520986759551726,2.2946712802768165,0.0024609190473424223,P0,96.jpg,Benign
29.323958333333334,0.9772613909681717,0.05349152841883378,0.38049791256928084,2.925214460784314,0.002861343612582901,27.310988081507116,0.9788699315195154,0.051891475192652435,0.3613282711522838,2.9532487504805847,0.002692725197669663,25.66095281862745,0.9800837214384016,0.06185628001418018,0.46728941829965126,2.3219209558823533,0.003826199377192666,69.5601076509035,0.9461825187830321,0.04769178147071782,0.32369483512577846,4.219607843137255,0.002274506019850704,P0,99.jpg,Benign
8.836994485294118,0.9890831008164794,0.06118461063749933,0.4322232802590916,1.9719515931372549,0.0037435565788623967,12.607935409457902,0.9844668442437836,0.055785456523890276,0.38125967327374155,2.383437139561707,0.003112017159578852,5.470588235294118,0.99324750337818,0.06746116738685241,0.4947408968834676,1.5510416666666664,0.004551009105196919,13.188173779315647,0.983751837230343,0.055530885090087904,0.3803091548949215,2.4123798539023458,0.0030836791988885473,P0,10.jpg,Malignant
18.96456801470589,0.9857163291823547,0.03390002044775654,0.34632918245458716,2.818152573529412,0.001149211386358312,36.60851980007689,0.9722080410701708,0.030376684490418603,0.29619534245347906,3.6430449826989624,0.000922742960630438,21.852803308823525,0.9836095783737445,0.03665840048549041,0.38667721596988097,2.584145220588235,0.001343838326154604,35.484459823144945,0.9730620783559818,0.030391411507036187,0.29478765187590084,3.6703267973856213,0.0009236378933900116,P0,100.jpg,Malignant
10.709145220588233,0.996263959015946,0.0696427033327148,0.49925588585088065,1.8879442401960784,0.004850106127488526,17.8960553633218,0.9937752845071866,0.06188242419933541,0.43159543486203517,2.4496578239138795,0.003829434424786492,7.493550857843138,0.9973842914228582,0.07351886509074025,0.5369107965935169,1.5709712009803924,0.005405023524230466,14.449965397923878,0.9949739259498843,0.06416631247775038,0.45382686120450816,2.236632064590542,0.004117315656992305,P0,101.jpg,Malignant
21.4828431372549,0.985522959994472,0.0446369703200344,0.37338623373339314,2.4938725490196076,0.001992459119351632,33.295455594002306,0.9776164821549438,0.039938997423284855,0.3167714932831877,3.1459746251441754,0.0015951235151771543,12.52936580882353,0.9915638751854372,0.04772378186949151,0.4089252875337046,2.085983455882353,0.002277559355926807,28.37091887735486,0.9809267438637301,0.0404290636672438,0.3197610176621884,3.0192848904267593,0.0016345091890100532,P0,102.jpg,Malignant
12.236703431372547,0.994824639989317,0.04502251065572472,0.39050973583723986,2.3814031862745093,0.002027026465744846,18.198800461361017,0.9923102154071273,0.040895806231843454,0.3388975439959118,2.9237831603229534,0.0016724669673524857,8.565395220588236,0.9963719608390419,0.04850748299182243,0.43543456378822,1.9770373774509804,0.002352975906201942,19.149573241061134,0.9919084949491543,0.040152634027654704,0.3352570673066697,2.988619761630143,0.0016122340193587747,P0,103.jpg,Malignant
13.735799632352943,0.9926786814773917,0.039511655037402504,0.36229452891557323,2.578507965686275,0.001561170883794695,20.968796616685893,0.9888270457129819,0.03616702544677203,0.3169824273422524,3.175363321799308,0.0013080537296674556,8.20439644607843,0.9956219030213559,0.04662273527158346,0.44440239875998,1.9408241421568628,0.0021736794442041526,19.239000384467516,0.9897487168371422,0.03679157155165601,0.32568576341958333,3.055563244905806,0.0013536197372406235,P0,104.jpg,Malignant
10.391390931372552,0.9897818310409924,0.03458772230028669,0.3443737468442467,2.4065563725490198,0.0011963105339217494,15.283921568627452,0.984941256515085,0.03133707314149996,0.2960538590071746,2.9430372933487123,0.0009820121530757179,6.006939338235295,0.9940750883437303,0.03928491652386072,0.4140246685543069,1.832889093137255,0.001543304666286705,14.828727412533643,0.9853897128476317,0.031546023991006526,0.2997092663942676,2.895747789311803,0.0009951516296411594,P0,105.jpg,Malignant
3.572886029411766,0.9957955842639877,0.06376874419505796,0.5371578255287449,1.2897977941176473,0.004066452736214738,5.482322183775471,0.9935611752947094,0.05808598289331483,0.4808445181444837,1.6033525567089582,0.003373981408682463,2.496231617647059,0.9970645980704685,0.06874981056484072,0.5906947161701068,1.0609681372549022,0.004726536452701486,5.360338331410997,0.9937045900446373,0.057298099276575525,0.47591621278154533,1.6017224144559785,0.003283072180708305,P0,106.jpg,Malignant
14.877711397058823,0.9717475118672527,0.05057841142811677,0.41643903682042727,1.9826746323529412,0.0025581757025918525,27.525843906189927,0.947519993788568,0.04668209159697131,0.3726418347463798,2.3964628988850443,0.0021792176758680193,11.096936274509805,0.9791545398809253,0.05557660212734843,0.4797036876904312,1.6021752450980393,0.0030887587040215906,11.668865820838139,0.9777527910269377,0.04522906276234801,0.3580731075164969,2.3563552479815453,0.0020456681183604153,P0,107.jpg,Malignant
11.363480392156863,0.979197828939241,0.04436747902072756,0.355116293301273,2.4340379901960785,0.0019684731946547,17.85391772395233,0.9672486146682476,0.039589800925883684,0.2971208974607626,3.076770472895041,0.0015673523373511008,8.68342524509804,0.9840560899562563,0.04731915713125648,0.38794960220043945,2.1292279411764703,0.0022391026316125407,18.17198000768935,0.9666643025099867,0.03961058454728202,0.2966116322993438,3.0999923106497507,0.0015689984081773774,P0,11.jpg,Malignant
4.50186887254902,0.9922150623798687,0.05419671940323688,0.4916822822331454,1.4631127450980392,0.0029372843940731926,6.758985005767013,0.9883267761467126,0.048357157894989115,0.4234173025243926,1.8560092272203002,0.002338414719680908,3.8954963235294118,0.9932836871541134,0.05782448799816385,0.5340355482573392,1.2921568627450981,0.0033436714122497954,8.059192618223761,0.986081483613131,0.04826073532091794,0.4244954788626006,1.9019607843137254,0.0023290985737156964,P0,12.jpg,Malignant
16.24298406862745,0.981175289795517,0.038786500017004885,0.3747496211871204,2.4634803921568627,0.00150439258356912,25.52667435601692,0.9702248549964371,0.0353210987961156,0.32773186209266963,3.035417147251058,0.001247580020164959,11.013526348039216,0.9872867279361219,0.04135009036943389,0.41102437751059884,2.0914675245098038,0.0017098299735603495,22.127120338331412,0.9741880520799557,0.03418445750137201,0.31295363539524823,3.100346020761245,0.0011685771346631089,P0,14.jpg,Malignant
10.16603860294118,0.9837754796591632,0.04296730958798174,0.36172430414128326,2.3195925245098037,0.0018461896932294678,12.493440984236832,0.9800298333851132,0.04110541237762521,0.33659511210166343,2.5676278354479045,0.0016896549267346236,5.8909160539215675,0.9905895681223281,0.04942648736268403,0.43967406927756547,1.7377297794117645,0.002442977653013564,16.385836216839678,0.9738061687400849,0.038173184352472814,0.30342203702920506,2.9621068819684737,0.0014571920036078752,P0,15.jpg,Malignant
20.86662071078431,0.989842301477139,0.03150645829918213,0.31095566488014825,3.00562193627451,0.0009926569145581026,41.84496732026144,0.9796630600866859,0.02738210121613501,0.25023407033445844,4.031664744329104,0.0007497794670106625,21.981219362745097,0.9893008333521545,0.031864681961776026,0.3177057612538345,2.9420955882352944,0.0010153579565251344,30.718046905036523,0.9850712470199914,0.027672626574797316,0.25205447892124283,3.897193387158785,0.0007657742615481787,P0,16.jpg,Malignant
9.335554534313726,0.9571131290926057,0.05772172959997997,0.4059055106452348,2.116590073529412,0.003331798068013204,13.490196078431373,0.9379943862024642,0.052515215649697626,0.35294783947105096,2.572149173394848,0.0027578478747342467,6.328829656862745,0.9709120404547991,0.06299805886417466,0.45567681576393465,1.741452205882353,0.003968755420654015,14.458039215686275,0.9335442538360333,0.051554128267248846,0.3453589507791772,2.664513648596694,0.0026578281413959467,P0,18.jpg,Malignant
34.71530330882353,0.9791806725962872,0.024012465252672685,0.22933358952676947,4.269715073529412,0.0005765984875108131,68.21494809688582,0.9590743619080425,0.021720867004181518,0.19487169135073593,5.411687812379854,0.00047179606341334133,39.72486213235294,0.9762433131473708,0.026706266380831463,0.27738458468626215,3.6835018382352938,0.0007132246640039288,67.0875048058439,0.9597512680676468,0.021784337742397953,0.1943936922201751,5.472556708958093,0.0004745573708748639,P0,19.jpg,Malignant
12.243290441176473,0.9960090317798144,0.03362882727005431,0.4094182277424588,2.1811274509803926,0.0011308980235591485,22.605536332179934,0.9926071049871138,0.03013925751500882,0.35880200072161517,2.7435140330642063,0.0009083748435560156,16.081295955882354,0.9948109445173747,0.03676990427402757,0.477614893620888,1.875903799019608,0.0013520258603211509,28.658746635909267,0.9906273361718595,0.029925625461346417,0.3522190800396094,2.8640522875816994,0.000895543059252785,P0,2.jpg,Malignant
8.037699142156864,0.9765489246467038,0.06267761827970326,0.48739031806248234,1.5794270833333337,0.003928483833216192,15.966489811610924,0.9534023128913174,0.054395495209267,0.40332901310188657,2.1342406766628224,0.002958869899061389,6.580713848039217,0.9808659123500842,0.06575025881183001,0.5184220989827647,1.4013633578431373,0.0043230965338226296,7.27609381007305,0.9787663370332031,0.05781892172123866,0.4397218688150322,1.7914033064206074,0.0033430277090067237,P0,20.jpg,Malignant
22.307429534313727,0.9904421637415287,0.027417366968647376,0.3162892142470496,3.2460018382352946,0.0007517120114934763,35.14771241830066,0.984821878215275,0.02444511081346604,0.26580406993553274,4.098885044213764,0.0005975634426826343,16.781832107843137,0.9927749032161762,0.029025660350134222,0.33873537441955204,2.848069852941176,0.0008424889587613538,36.23467896962707,0.9843542694146804,0.024157067656503883,0.2561655405361097,4.233233371780084,0.0005835639177609061,P0,21.jpg,Malignant
8.083838848039216,0.9912232776589174,0.06554263303602303,0.5078392564366772,1.6285998774509804,0.004295836745294778,12.305513264129182,0.9866688026909358,0.05870624186197417,0.44288450709660204,2.06800461361015,0.0034464228335566085,7.038970588235293,0.9923527135251412,0.06796804137600307,0.5318192074857753,1.4881740196078432,0.004619654648490065,14.281722414455981,0.9845277802798819,0.05717324326160955,0.42997745289817846,2.1691503267973853,0.003268779745051182,P0,22.jpg,Malignant
5.40171568627451,0.9920804493926223,0.0727290343518275,0.5634535580613026,1.2748774509803922,0.005289512437749304,19.320999615532493,0.9711217937730425,0.06459369831727613,0.4966936138660332,1.7371164936562864,0.00417234586230328,11.706112132352942,0.983112653483191,0.07616960566826793,0.6002004937344035,1.1863204656862745,0.005801808827659434,10.350972702806615,0.9845291539844963,0.06606922057835232,0.509710358645489,1.5668742791234145,0.004365141907830974,P0,23.jpg,Malignant
20.170741421568632,0.9893612584475643,0.036324834559666445,0.3084835871848136,3.0165747549019617,0.0013194936057871376,31.69731641676278,0.9833273410299103,0.03251720851787107,0.25791778943147176,3.8058900422914266,0.0010573688497947068,15.250413602941176,0.99195534292874,0.039140960706182,0.348443155805887,2.598483455882353,0.0015320148050028833,30.080753556324495,0.9841775299876709,0.032943884862871954,0.26374228907362346,3.7243675509419454,0.0010852995498581638,P0,25.jpg,Malignant
28.048223039215692,0.9901422930484789,0.04805624584809196,0.315258486858972,3.506158088235295,0.002309402765012256,48.73830065359477,0.9828471367339003,0.04559785865210598,0.26225516578214825,4.634771241830066,0.0020791647136574358,21.783501838235296,0.9923282254826384,0.0489082189840898,0.34272147502385586,3.0833792892156864,0.002392013884195682,42.524121491733965,0.9850339628654967,0.04587696286298177,0.2671975450451631,4.402845059592465,0.0021046957215314086,P0,26.jpg,Malignant
11.237990196078432,0.9869270838848409,0.037481286643540154,0.36230196529653186,2.327236519607843,0.0014048468484552214,25.275509419454053,0.9705405242031994,0.032627142694559644,0.29705004826186393,3.1411303344867356,0.0010645304404111567,13.842080269607841,0.9838864268658445,0.03873716828272534,0.38438433371307357,2.228661151960784,0.001500568206564182,16.826943483275663,0.9803877220220978,0.03369863866035699,0.3094245257894012,2.8935640138408307,0.0011355982475613068,P0,27.jpg,Malignant
11.395373774509805,0.9902637494780593,0.04886241767242208,0.39681180681369205,2.289920343137255,0.0023875358607942255,16.418223760092275,0.9859989094585239,0.04439265882802222,0.3483951835343363,2.774486735870819,0.001970708157821179,8.795848651960785,0.9924786624693633,0.051826728070894286,0.4325495502727899,2.0044270833333333,0.002686009742534422,19.383637062668203,0.9834698984843943,0.043114471412457986,0.3323740947160144,3.00076893502499,0.001858857645175657,P0,28.jpg,Malignant
32.813158700980395,0.9777653194580335,0.027128300968897155,0.25057831871028563,3.8152420343137257,0.0007359447134590662,54.19641676278355,0.9630154681839705,0.024525924845892284,0.214280816421337,4.719384851980008,0.0006015209895463565,21.24362745098039,0.9857477314308424,0.029668062772180852,0.3008553896452685,3.109405637254902,0.0008801939486540633,40.673694732795084,0.9722433939001933,0.024443407968685632,0.21638619872277395,4.567981545559402,0.0005974801931236042,P0,29.jpg,Malignant
15.758409926470588,0.9925288016450394,0.05080083465834211,0.3883190172122136,2.5496476715686276,0.002580724801984213,27.959600153787008,0.9867826160069445,0.044938399635518926,0.32668042680068404,3.311633986928105,0.0020194597618016074,15.701746323529411,0.9925570666213832,0.052078578709953346,0.40311636149197877,2.4185661764705877,0.002712178360448806,26.890396001537873,0.9872880651540867,0.044952437433167874,0.3287761788075624,3.29685505574779,0.0020207216311828725,P0,30.jpg,Malignant
5.073743872549021,0.9830432139143446,0.062349091718091575,0.4494987179667181,1.6450367647058828,0.0038874092380709957,7.441753171856979,0.975071640456291,0.056618588092432004,0.39244206201016646,2.0147327950788156,0.0032056645175804832,3.2674479166666663,0.9890747206248086,0.06868517246062493,0.5093730989614718,1.3176930147058825,0.00471765291594579,7.512295271049598,0.9748366827348087,0.05623840221823441,0.38841100026290215,2.036247597078047,0.003162757884059913,P0,31.jpg,Malignant
4.812224264705883,0.9876838902092099,0.05854405351959109,0.4500743368531893,1.6189950980392156,0.0034274062025047456,7.596247597078048,0.9805760619133216,0.05217680329176324,0.3830723607169559,2.059546328335256,0.002722418801747355,3.8098498774509806,0.9902625103512924,0.06216587322476664,0.48783830399501626,1.4269454656862746,0.003864595793797758,7.645182622068437,0.9804505577610669,0.052486433512741834,0.3861696790195673,2.0508727412533645,0.002754825702887469,P0,32.jpg,Malignant
29.938357843137254,0.9904967346492789,0.031215799720671525,0.3493215698652951,3.088939950980392,0.0009744261522010765,37.73811610918878,0.9880462951398273,0.027947635029641222,0.2959258176708625,3.707820069204152,0.0007810703037500291,10.498973651960783,0.9966653515286267,0.03811735949365116,0.46542233616646833,1.9189185049019608,0.0014529330947682382,37.8564552095348,0.9880088016954219,0.030782089284248557,0.3471801084571319,3.3226605151864668,0.0009475370207034498,P0,34.jpg,Malignant
8.019010416666667,0.9950632235834429,0.03751859456899517,0.41270002293332053,1.9521599264705882,0.0014076449384326341,9.7039907727797,0.9940179825015865,0.0357014023077286,0.3861778676616643,2.158615916955017,0.001274590126738289,4.340854779411766,0.997324013190237,0.04309867452807836,0.500524217408926,1.4175091911764706,0.0018574957460772306,12.571826220684352,0.9922499195486859,0.033251243557571405,0.3496960621867201,2.478016147635525,0.001105645198124934,P0,35.jpg,Malignant
12.437944240196078,0.9951299197755638,0.05043554858007551,0.38448318591414854,2.4057444852941177,0.002543744560573157,16.9361322568243,0.9933858928625081,0.04687331163776661,0.34679260064851725,2.7855747789311804,0.002197107343891187,7.737009803921568,0.9969687323775065,0.05664210350272387,0.4522373277495942,1.8216911764705883,0.0032083278892132833,19.267389465590156,0.9924754619826048,0.04540392362067305,0.3311638250696575,2.983744713571703,0.0020615162801519127,P0,36.jpg,Malignant
7.984191176470588,0.9876339336755912,0.042430627863141814,0.39760276432612024,2.0325061274509806,0.0018003581808604266,12.938577470203768,0.9799333189892006,0.0378808439779778,0.3363940834474383,2.5879738562091505,0.001434958340483897,5.78075980392157,0.9910390837086753,0.04609158630127158,0.446100238031071,1.714276960784314,0.0021244343277675663,12.20095347943099,0.9810777027616544,0.03823089268744444,0.34267558608611814,2.530180699730873,0.0014616011556788924,P0,37.jpg,Malignant
23.337974877450982,0.9838935482970159,0.029621575676330707,0.27891339001581644,3.3624234068627445,0.0008774377455485871,56.21465590157633,0.9612017771518966,0.02646828495969814,0.23393794301731202,4.474063821607074,0.0007005701087077827,39.18008578431374,0.9730073009640798,0.03168827951227509,0.3087983329321265,3.229718137254902,0.0010041470584480731,57.32544405997693,0.9604388243294566,0.02633187876566223,0.2292992413115318,4.563675509419454,0.0006933678393295336,P0,38.jpg,Malignant
4.927956495098039,0.9983795635298153,0.08784052414840843,0.6099547130464994,1.1893229166666668,0.007715957682667123,10.210303729334871,0.996654331681394,0.07676327226333224,0.5221748522018518,1.708066128412149,0.005892599968574472,5.236014093137255,0.9982776991390918,0.08817295906063129,0.6101267011003515,1.2020067401960786,0.007774470709507761,8.145251826220685,0.9973309978586524,0.07855259344888985,0.5434084392104878,1.5285966935793927,0.006170509937546571,P0,40.jpg,Malignant
11.615762867647058,0.9865755708244806,0.04261914849441106,0.3868012037855943,2.179304534313726,0.0018163918183886605,20.300284505959247,0.9765469910091953,0.03894712907102242,0.3365445092340701,2.685674740484429,0.0015168788628748798,8.94042585784314,0.989686438037144,0.046885153748577026,0.4386914745761056,1.8169883578431374,0.0021982176420277063,13.145021145713185,0.9848129928059933,0.0385091043781036,0.33209684704373404,2.619008073817762,0.001482951120003678,P0,41.jpg,Malignant
17.670649509803923,0.9916873674904416,0.048395202701856495,0.37684636890427675,2.654227941176471,0.002342095644553778,42.539976931949255,0.9800367565300567,0.043497187014651835,0.32480632993858216,3.535532487504806,0.001892005278187596,26.431066176470587,0.9875572971658189,0.051048764600748094,0.4108763229732092,2.5644914215686274,0.0026059763672625917,34.50455978469819,0.9838076330704979,0.04319894215967336,0.32143630692399133,3.5498193002691276,0.0018661486037148047,P0,42.jpg,Malignant
8.942601102941179,0.9974760935758753,0.06774698970257154,0.4772845280194914,1.828569240196079,0.004589654613760334,13.98254517493272,0.9960632983581791,0.05911857515308813,0.4037105849530354,2.34320645905421,0.00349500592813133,6.13357843137255,0.9982679458971634,0.06996556323597586,0.5076780689503174,1.5467524509803923,0.004895180038927337,13.686858900422916,0.9961465425827021,0.061019511256232735,0.4160950000490848,2.283521722414456,0.003723380753949513,P0,43.jpg,Malignant
8.48184742647059,0.9757678950347152,0.06367985398839374,0.4977209610141577,1.4998621323529413,0.004055123803983146,17.324290657439448,0.9504506823024175,0.05605971939623796,0.42281287560423714,1.9896039984621299,0.0031426921387849387,6.945680147058824,0.9802566176469708,0.06938990260396248,0.5543094296132376,1.25015318627451,0.0048149585833873985,5.9344713571703185,0.9830270967538693,0.06001575750201686,0.46130125741930395,1.613210303729335,0.003601891148540893,P0,45.jpg,Malignant
6.648973651960784,0.9804830563044856,0.05588620346130679,0.4371015623318772,1.735094975490196,0.003123267737318579,17.003844675124952,0.9498296574156092,0.047936697166248085,0.35566722590529803,2.451933871587851,0.002297926935208577,9.5609068627451,0.972138995766642,0.0561202939573416,0.4452613092086328,1.77515318627451,0.003149487393858432,10.460053825451752,0.9691383153625611,0.04906408518119286,0.3647120241982039,2.2663437139561706,0.0024072844546673485,P0,47.jpg,Malignant
23.191452205882353,0.9947352762469747,0.07693094470922404,0.4000141646432925,2.8078737745098037,0.0059183702538536855,35.39377162629758,0.991956337959821,0.07113952144301096,0.3377986854279168,3.635955401768551,0.005060831511140615,12.69875919117647,0.997120756022582,0.0771716563266163,0.41710839496641544,2.353140318627451,0.005955464540193376,30.781514801999233,0.993004905834352,0.071685627112879,0.3408889401875033,3.5514340638216075,0.005138829134566732,P0,48.jpg,Malignant
15.48581495098039,0.9869098646465393,0.047310456833401585,0.3649124369253353,2.6550551470588237,0.0022382793257851546,23.61923875432526,0.9800837091711535,0.04282768465146473,0.3145257849108378,3.2861668589004234,0.0018342105726053075,11.30793504901961,0.9904361948811556,0.05075237091207452,0.40569324078862445,2.253829656862745,0.002575803153196788,21.720215301807002,0.9816847891301296,0.04300157188523828,0.31755928376031345,3.1918339100346027,0.0018491351846013154,P0,49.jpg,Malignant
13.01841299019608,0.9771866523859768,0.04669958010237452,0.3959815583155051,2.323866421568628,0.002180850781738094,19.203552479815457,0.9663580897086176,0.041680541327874875,0.3376510198428239,2.8902268358323724,0.0017372675253846856,8.639139093137254,0.9848641028658093,0.05077860094050136,0.4447478534777428,1.9244025735294117,0.002578466313474685,20.45451749327182,0.9641660168044404,0.0415040926386833,0.3325652744327197,2.9722260668973473,0.0017225897057604055,P0,5.jpg,Malignant
17.357919730392155,0.9931537573315949,0.04320179400298294,0.4073963730932399,2.4628216911764707,0.0018663950050761726,19.59403306420608,0.9922714292388688,0.03900130772438842,0.35304200957446125,2.940438292964245,0.0015211020042124402,9.839276960784312,0.9961162208951011,0.04698821111888311,0.46019199332490424,1.9564644607843138,0.00220789198415273,30.78060745866975,0.9878590263895235,0.03885469844114844,0.3576671796526024,3.117431757016533,0.0015096875909525829,P0,50.jpg,Malignant
11.033486519607843,0.9943813432671292,0.050571285759174606,0.4259990073064754,2.092830882352941,0.0025574549433360965,20.228742791234144,0.9896164943644836,0.04481471936391996,0.37556134971546973,2.6391387927720107,0.0020083590716669024,8.226960784313729,0.9958608707350571,0.054328051632910435,0.5002157579153345,1.620649509803922,0.0029515371942281823,12.94886582083814,0.9933532884129741,0.04642629101424377,0.39413503176762943,2.3563860053825456,0.0021554004973392514,P0,51.jpg,Malignant
30.567003676470584,0.9932413653150366,0.023251418427560813,0.2888506747984212,3.6550857843137257,0.0005406284588935145,43.70332948865821,0.9903144876474439,0.021173306940941713,0.2492041238139651,4.439169550173011,0.00044830892681533045,19.806969975490194,0.9956073308870906,0.025983307138975825,0.33859356698308607,2.9595435049019607,0.000675132249878352,48.779561707035754,0.9891896290955076,0.020749209776773074,0.2416746458011321,4.6526259131103425,0.0004305297063605353,P0,53.jpg,Malignant
4.663771446078431,0.9936818428398269,0.06234191307761923,0.5160943096745951,1.404641544117647,0.003886514126177431,10.219638600538254,0.9861758348529844,0.05604871253584959,0.4516782461253838,1.8493194925028835,0.003141458176926303,5.603676470588235,0.9924345829023893,0.06759260131467068,0.5742391985219143,1.2315870098039214,0.00456875975248402,7.74881968473664,0.9895183153812246,0.05643788751136797,0.45910906720878014,1.7482660515186468,0.0031852351467458245,P0,55.jpg,Malignant
22.695511642156863,0.9927077192882209,0.035966160393030494,0.35992999133579334,3.035983455882353,0.0012935646934171955,39.13680891964629,0.9873998383277608,0.03110951276467506,0.29416387836336827,4.053317954632834,0.0009678017844554803,19.65577512254902,0.9936701843510789,0.03653637159554067,0.3736401965502397,2.8273743872549018,0.001334906449367431,38.29937716262976,0.9876693848662188,0.03161909815809052,0.3017082938735006,3.953940792003076,0.000999767368330963,P0,56.jpg,Malignant
5.727665441176471,0.9809891126093199,0.0639498968551613,0.4688090734930773,1.5646139705882358,0.0040895893077857685,12.647566320645906,0.9578639637407748,0.058952616099053695,0.41982809126223575,1.9227681660899658,0.003475410944922405,6.381878063725491,0.9789453300510549,0.07220740740733489,0.5465047086570112,1.2434589460784315,0.005213909684488841,7.4879661668589,0.9750527244219175,0.05884377153583749,0.4195880546416474,1.8544405997693196,0.003462589448561838,P0,59.jpg,Malignant
10.194761029411765,0.9884545296991932,0.04222531377763606,0.37543542950489955,2.2489889705882353,0.0017829771236198219,15.594925028835064,0.9823453647236171,0.03765350218636383,0.31905801003285017,2.8131026528258363,0.001417786226898506,6.358486519607842,0.992818558626397,0.04661219964764252,0.4386824858428933,1.7792585784313726,0.002172697155991686,15.084736639753942,0.982923050128426,0.03790556749111068,0.32217225405847977,2.773840830449827,0.001436832046823147,P0,6.jpg,Malignant
13.683532475490196,0.9960777120405147,0.029869972317352875,0.36510412716247,2.552956495098039,0.0008922152462394271,20.87847750865052,0.9940182450708508,0.027144881041853183,0.3163385691370771,3.1652287581699348,0.0007368445667763604,8.748008578431373,0.9974857607931182,0.03441452479855426,0.4390475187044249,1.99500612745098,0.001184359517110306,20.98483660130719,0.993987829257914,0.027045914184784327,0.31436334209610395,3.180299884659746,0.000731481474090718,P0,60.jpg,Malignant
21.068183210784312,0.9903861585561212,0.029960382494685897,0.361394476839919,2.65703125,0.0008976245192278811,31.181207227989237,0.9856548044158959,0.02442695392521939,0.26135330305862664,3.8322491349480976,0.0005966760780647909,21.08465073529412,0.9903025069797969,0.027034879922002517,0.30714447586875876,3.0708026960784314,0.0007308847323970948,39.40390618992697,0.9818718680655752,0.024698944689875945,0.2668144223442077,3.8202998846597467,0.0006100378687935512,P0,61.jpg,Malignant
15.103569240196082,0.9918295195469968,0.029765882753258206,0.3398718158932408,2.5341452205882358,0.0008860077760807144,27.920938100730492,0.9848594121915784,0.026637722771815912,0.2852420049377758,3.2301576316801226,0.00070956827446812,12.319561887254903,0.9933714794994032,0.03244675144073337,0.3881647907947305,2.140548406862745,0.001052791679056733,16.359800076893503,0.9911285071434458,0.027200669758385195,0.2932680859671822,2.978208381391772,0.0007398764353047308,P0,63.jpg,Malignant
14.26049325980392,0.989237393818657,0.03839940696012955,0.3594194758958717,2.453109681372549,0.0014745144548896458,22.59884659746252,0.9829626810905838,0.03460301421258183,0.3097110857673176,3.0711264898116113,0.00119736859259614,9.753998161764708,0.9926280049751771,0.04058808162190734,0.391389039015502,2.148575367647059,0.0016473923697466124,19.361999231064974,0.9854030052776738,0.03406298843929582,0.29775585046607866,3.1151095732410607,0.0011602871814156003,P0,64.jpg,Malignant
11.389813112745097,0.9813352550726364,0.04041823554142817,0.35063947478234153,2.412576593137255,0.0016336337642823672,15.744113802383698,0.9741703198452647,0.037571778381778095,0.31336135784428587,2.8361553248750475,0.001411638530769448,7.035784313725491,0.9884590008097562,0.04584405307101026,0.41963065835083807,1.8724877450980395,0.0021016772019776054,17.6482737408689,0.971046335197894,0.03616490013519413,0.296093291184024,3.040415224913495,0.0013079000017885644,P0,67.jpg,Malignant
10.897441789215687,0.9799498748566254,0.05061137502670745,0.43274390691334585,1.9887714460784314,0.0025615112820940263,16.1283660130719,0.9702111454066796,0.04523782447194405,0.37124742869610144,2.4913033448673594,0.00204646076295442,6.986014093137256,0.987207480338919,0.052368617249291455,0.45739043661100237,1.7523437500000003,0.0027424720726027863,16.469188773548638,0.9695814525549555,0.043320060502701506,0.3481403295763976,2.65760861207228,0.0018766276419577193,P0,69.jpg,Malignant
11.470189950980393,0.9927890897651283,0.0702809938049413,0.4787683111146662,1.9519301470588233,0.004939418090210196,17.719061899269516,0.9888951856781064,0.06597622931312809,0.4406264840341004,2.3085890042291433,0.004352862834378462,7.047702205882354,0.9955682649794769,0.08678560826055898,0.5966268079994704,1.3206495098039215,0.007531741801155204,15.052149173394849,0.9905665760737832,0.06644110596559608,0.4424795520702543,2.28641291810842,0.004414420561931567,P0,7.jpg,Malignant
8.723391544117646,0.9845676951984527,0.05453363922838279,0.47848512761390755,1.6799172794117647,0.0029739178074914096,13.638615916955018,0.9757748162792524,0.04711937464319619,0.3974904653561389,2.2446597462514415,0.00222023546676588,4.76234681372549,0.9915981282551368,0.05681924039101184,0.5070553282934958,1.4599264705882353,0.0032284260786115916,11.008750480584391,0.9804457857920764,0.04832941307520983,0.4095054475117792,2.109342560553633,0.0023357321681942633,P0,70.jpg,Malignant
25.685738357843135,0.9839830769585084,0.03236702189305761,0.36250476212865795,2.9582261029411763,0.0010476241062256704,36.745174932718186,0.9770173940015159,0.028846474225630147,0.3105639368388898,3.5460976547481735,0.0008321190752499444,23.606311274509803,0.9852073966090722,0.03300715288955591,0.3753261534168203,2.767248774509804,0.0010894721418745195,41.77427143406383,0.973872571442431,0.028193191175670138,0.30277121509923166,3.8347097270280663,0.0007948560286678845,P0,71.jpg,Malignant
6.896875,0.9944156615222731,0.06608114808607646,0.5059489255091187,1.593841911764706,0.004366718132373967,9.829957708573623,0.9920649124532142,0.05835895377486033,0.4337018660962617,1.9940176855055745,0.0034057674856962845,5.822931985294118,0.9952854586140242,0.06656063407815693,0.513620543916507,1.5158854166666667,0.004430318008886306,13.087812379853904,0.9894349751254095,0.055745465488693836,0.4070039111960671,2.257362552864283,0.0031075569225511553,P0,72.jpg,Malignant
4.962591911764706,0.9898933193049904,0.06339287536798409,0.5344253636828318,1.3072916666666665,0.0040186566474207635,6.134394463667821,0.9874010220670049,0.054647980149363534,0.4446269622509462,1.7131410995770855,0.0029864017344052307,3.345404411764706,0.993221312943971,0.06506644668537588,0.5572410926471315,1.1736213235294117,0.004233642484260862,8.183913879277203,0.9831903462315623,0.05577809832457157,0.4611368970622104,1.695055747789312,0.003111196252705574,P0,75.jpg,Malignant
9.639935661764707,0.9983162385196751,0.036602524417472596,0.38372747524334383,2.2659466911764707,0.0013397447937316777,12.099423298731256,0.9978715073853243,0.03394676317983003,0.3614927330242079,2.4930257593233374,0.0011523827303874638,4.018627450980392,0.9993069310662654,0.04188388404084193,0.4960109130450488,1.4247855392156863,0.0017542597423466934,13.353694732795079,0.9976508708422299,0.033370869397956825,0.3546338022178526,2.595124951941561,0.0011136149243754915,P0,76.jpg,Malignant
51.846844362745095,0.9645620708057959,0.048585965377354455,0.3924252513411717,3.351317401960784,0.0023605960316494855,59.864990388312194,0.9591751412154842,0.04355386860074697,0.3371967334293892,3.809042675893888,0.001896939470091133,48.61888786764706,0.9668159456967299,0.0499418854445029,0.41394977638729613,3.12155330882353,0.0024941919217518504,105.92738177623994,0.9277776206579265,0.04282057280616709,0.3328400053488485,4.5703037293348725,0.0018336014554482568,P0,77.jpg,Malignant
7.437193627450981,0.9968276894334143,0.05593183627625262,0.5168161386888959,1.4317708333333332,0.003128370309233528,13.79283352556709,0.9940484994436553,0.05074516191319141,0.4711815499583244,1.7150173010380625,0.0025750714575960123,5.401501225490196,0.9977296062692752,0.058623199418803285,0.5870383879468216,1.0953125,0.0034366795100967775,5.94479046520569,0.9974348513768251,0.04923017247985929,0.4646735428573035,1.6151633986928107,0.002423609882396695,P0,78.jpg,Malignant
11.380238970588234,0.993172323491767,0.050588202220640956,0.42641575195093895,2.1435661764705882,0.0025591662039164626,16.348204536716647,0.99021784237364,0.04682367061152962,0.38140144431116624,2.551757016532103,0.002192456129537023,7.196155024509803,0.9956799022045917,0.056136617786503785,0.4890211743822116,1.6536917892156864,0.0031513198565080135,16.366643598615916,0.9902068784932319,0.04504237736579983,0.36631980475917336,2.6251287966166856,0.002028815758763117,P0,79.jpg,Malignant
18.918305759803925,0.9932789661810247,0.04593808121328709,0.3669243042875012,2.4804993872549024,0.00211030730555856,40.79049596309112,0.9854517539746708,0.03875727883388692,0.28986570676236634,3.4981622452902723,0.0015021266626076587,19.37329963235294,0.9931677550750335,0.044430392228015494,0.3688496317752101,2.4560202205882353,0.0019740597535352995,21.734640522875814,0.9922481615256298,0.04079875479561335,0.31486508653520795,2.9414071510957314,0.0016645383928725836,P0,80.jpg,Malignant
5.41438419117647,0.9867174499230543,0.061415143835735785,0.48217925748789126,1.5619944852941177,0.003771819892364115,12.118369857747023,0.9702782209722042,0.05430450192278113,0.4114491638674967,2.0840138408304503,0.0029489789290813393,6.94155943627451,0.9830105883562382,0.06431891268550269,0.5124725934371841,1.4494638480392157,0.004136922529045319,9.600799692425992,0.9764533177997982,0.05497476103415171,0.4186762026689043,1.9848981161091894,0.003022224350762085,P0,82.jpg,Malignant
21.48762254901961,0.9930935857707199,0.03055072031652314,0.2981625284437287,3.081004901960784,0.0009333465118584198,37.37370242214533,0.9878786958070381,0.027479586239921333,0.25902692236947894,3.7987697039600157,0.0007551276599172738,16.93863357843137,0.9946316707837972,0.03291806055525956,0.36223531174384604,2.4912990196078435,0.001083598710719735,27.86349865436371,0.9909631276412141,0.027250065723301426,0.2614079044072721,3.6865205690119183,0.0007425660819242473,P0,83.jpg,Malignant
11.68423713235294,0.9882684943235294,0.03927198818884736,0.38843148936075184,2.184083946078432,0.0015422890563049668,22.546220684352175,0.97727567472546,0.034911333621316765,0.3292132979241489,2.8139331026528263,0.0012188012152188825,9.998146446078433,0.9900266441711201,0.04244936779296535,0.4380015388407223,1.8524050245098045,0.0018019488260224439,13.050841983852365,0.9868459380960171,0.035911071877990475,0.3407671258351156,2.5533410226835835,0.0012896050834261983,P0,84.jpg,Malignant
29.135707720588236,0.9790117128404584,0.04116979379242538,0.3697634702820837,2.916436887254902,0.0016949519209108275,47.58197616301423,0.965771177138586,0.03821378707600968,0.33175001930783493,3.3825759323337175,0.0014602935226906044,33.00372242647058,0.976240468716925,0.04440696379609556,0.41140336142884903,2.6865349264705873,0.0019719784335877418,54.7841291810842,0.9605918186989277,0.03661283778325293,0.3102676964274172,3.847381776239907,0.0013404998905427936,P0,86.jpg,Malignant
10.328002450980392,0.9830149230293934,0.0563422001856509,0.4586840979604413,1.8097120098039217,0.00317444352175996,22.256501345636295,0.9632051402103723,0.05022107084319792,0.39623422829673244,2.3740561322568245,0.0025221559566375043,9.01858149509804,0.985322815306908,0.0624952315198421,0.5307193593450501,1.4189185049019608,0.0039056539627186655,8.992572087658592,0.9851342712778316,0.053359107935697085,0.4268368963288931,1.9180007689350251,0.0028471943996933717,P0,88.jpg,Malignant
7.355101102941177,0.9857348606215737,0.055237460370125814,0.4716831561001186,1.61156556372549,0.00305117702814122,17.37806997308728,0.9661150421929084,0.04914318548023057,0.40438900777172476,2.106989619377163,0.0024150526791443445,8.951271446078431,0.9828133437225239,0.05921014034354601,0.5212098519807045,1.417325367647059,0.0035058407195024148,8.74246828143022,0.9829549366117702,0.050006642820326484,0.4168485495269922,1.9409304113802386,0.0025006643261597104,P0,89.jpg,Malignant
11.828906250000003,0.9816082249007414,0.06059152817505921,0.549530649335108,1.4611672794117647,0.003671333286588994,29.373271818531343,0.9542767396188615,0.05315021953661494,0.47286154034217975,2.016132256824299,0.002824945836790364,14.990548406862747,0.9768405675862482,0.061703146144218776,0.570608966589958,1.410768995098039,0.00380727824409482,12.217178008458287,0.9809830180321155,0.05417340054400056,0.48388967364813684,1.7198923490965015,0.00293475732650072,P0,9.jpg,Malignant
21.338633578431374,0.9783295011654256,0.036865900928682874,0.3280556062089818,2.9463235294117647,0.0013590946512834607,40.21411764705883,0.9591033934857517,0.032193828339521655,0.26642289935961194,3.9518492887351018,0.0010364425831545876,22.768060661764707,0.9769368349820898,0.03796984557569229,0.3487141263554049,2.905530024509804,0.0014417091730419191,30.96592079969243,0.9685100135247523,0.03346277129364014,0.2863076356442873,3.6196693579392543,0.0011197570626504667,P0,90.jpg,Malignant
10.10611213235294,0.9769727014811198,0.06369555476475809,0.4692922489990025,1.8558057598039215,0.004057123696790297,16.270419069588623,0.9629855301397212,0.05829586555556673,0.4173051770351874,2.3126797385620916,0.003398407940872711,9.142340686274512,0.9791742099435601,0.06939030334196294,0.5226325518451266,1.5904411764705884,0.004815014197889635,16.826359092656674,0.9617201702165294,0.057455590704121796,0.41069306399442274,2.3182160707420225,0.003301144903159567,P0,94.jpg,Malignant
11.288648897058822,0.987917631209471,0.038769699921362595,0.3241745719509282,2.521338848039216,0.0015030896319925028,16.218977316416762,0.9824459345537375,0.0352827627210023,0.28494772743714536,3.029311803152634,0.00124487334522655,8.371951593137256,0.9911562046104612,0.04212715991610708,0.3797052249902559,2.0886488970588237,0.0017746976025972594,18.60310649750096,0.9798655577585097,0.03467323368169341,0.2721731232382498,3.190019223375625,0.0012022331339453182,P0,95.jpg,Malignant
15.445266544117649,0.9932593370638878,0.05333241361817208,0.42518565481353304,2.2680300245098044,0.0028443463423397865,22.653886966551333,0.9901407451821473,0.04908794476777296,0.3776417630112729,2.7751941560938103,0.002409626321523929,10.648835784313725,0.9953496836378489,0.05866225830455693,0.4780083150784825,1.8863970588235295,0.003441260549390559,24.214901960784317,0.9894613607627074,0.04738043850867896,0.36084260750690783,2.8878123798539033,0.002244905953274708,P0,96.jpg,Malignant
31.58089767156863,0.9896277991152455,0.02195811835169948,0.2599516325424404,3.9862591911764707,0.00048215896154724146,50.53193387158786,0.983378789283218,0.019460379823000352,0.21372372303433862,5.085413302575933,0.00037870638285543917,23.175505514705883,0.9923728596633336,0.023651643297676116,0.29397217715581103,3.411780024509804,0.0005594002306805075,46.685428681276434,0.9846439803352156,0.01978565597656447,0.22164382957644466,4.874555940023068,0.0003914721824229613,P0,97.jpg,Malignant
5.383072916666667,0.9897943088693746,0.07464308024019466,0.522293882270786,1.4225643382352942,0.005571589427744137,9.72161476355248,0.9816105416897435,0.06550603465804848,0.4443918536797002,1.9034832756632065,0.004291040576621449,3.447671568627452,0.9934652609062085,0.07925041167816045,0.5651086642512878,1.1837316176470591,0.00628062775115791,5.34963475586313,0.9898805149899021,0.07013277341518058,0.48498252435637634,1.5551249519415613,0.00491860590690506,P0,98.jpg,Malignant
6.765379901960785,0.9945198172235689,0.08373511583170763,0.581204696942202,1.3036151960784317,0.007011569623349495,20.475816993464058,0.9834592148993897,0.07631654130269887,0.5236690060363893,1.7427143406382166,0.005824214476406541,12.819255514705882,0.9896327292199841,0.08818668929962314,0.6183051284840325,1.2420802696078432,0.007776892169628267,14.692856593617837,0.9881311238579502,0.07498536641289956,0.5134018614997113,1.7341791618608224,0.005622805176076806,P0,99.jpg,Malignant
